row,time_sec,raw_freq_hz,sls_freq_hz,rms,duty_raw,amp_norm,luminance,duty,main_cycle_seconds,displayed_row_seconds,cycles,achieved_freq_hz,row_40_56_hex
1.0,0.0,53.8330078125,13.458251953125,0.09973224252462387,24.426303854875282,0.37791413332712975,22.0,30.0,2.5,1.0,34,13.6,00 01 00 14 e8 03 01 01 0a 00 00 00 01 00 00 00
2.0,1.0,53.16009521484375,13.290023803710938,0.12533080577850342,35.151927437641724,0.474914447384252,26.0,24.0,2.5,1.0,33,13.2,00 01 00 14 e8 03 01 01 0a 00 00 00 01 00 00 00
3.0,2.0,53.16009521484375,13.290023803710938,0.11702092736959457,16.95691609977324,0.44342592955431104,25.0,35.0,2.5,1.0,33,13.2,00 01 00 14 e8 03 01 01 0a 00 00 00 01 00 00 00
4.0,3.0,53.16009521484375,13.290023803710938,0.10895475000143051,98.58956916099774,0.4128608650156289,24.0,90.0,2.5,1.0,33,13.2,00 01 00 14 e8 03 01 01 0a 00 00 00 01 00 00 00
5.0,4.0,53.16009521484375,13.290023803710938,0.1048971489071846,99.77097505668934,0.39748544817848563,23.0,90.0,2.5,1.0,33,13.2,00 01 00 14 e8 03 01 01 0a 00 00 00 01 00 00 00
6.0,5.0,53.8330078125,13.458251953125,0.09774719923734665,94.7845804988662,0.370392233743422,22.0,90.0,2.5,1.0,34,13.6,00 01 00 14 e8 03 01 01 0a 00 00 00 01 00 00 00
7.0,6.0,53.8330078125,13.458251953125,0.09325482696294785,17.56689342403628,0.35336934393681724,21.0,73.0,2.5,1.0,34,13.6,00 01 00 14 e8 03 01 01 0a 00 00 00 01 00 00 00
8.0,7.0,55.1788330078125,13.794708251953125,0.09989470988512039,73.41043083900227,0.3785297688546356,22.0,73.0,2.5,1.0,34,13.6,00 01 00 14 e8 03 01 01 0a 00 00 00 01 00 00 00
9.0,8.0,53.16009521484375,13.290023803710938,0.07755153626203537,79.281179138322,0.2938650618170796,18.0,73.0,2.5,1.0,33,13.2,00 01 00 14 e8 03 01 01 0a 00 00 00 01 00 00 00
10.0,9.0,53.8330078125,13.458251953125,0.08057776093482971,10.433106575963718,0.30533229694106556,19.0,10.0,2.5,1.0,34,13.6,00 01 00 14 e8 03 01 01 0a 00 00 00 01 00 00 00
11.0,10.0,53.8330078125,13.458251953125,0.07801380753517151,8.197278911564625,0.2956167405433064,18.0,10.0,2.5,1.0,34,13.6,00 01 00 14 e8 03 01 01 0a 00 00 00 01 00 00 00
12.0,11.0,53.8330078125,13.458251953125,0.08048699051141739,41.548752834467116,0.3049883417162832,19.0,42.0,2.5,1.0,34,13.6,00 01 00 14 e8 03 01 01 0a 00 00 00 01 00 00 00
13.0,12.0,53.8330078125,13.458251953125,0.07122883945703506,80.28344671201813,0.26990654626718663,17.0,80.0,2.5,1.0,34,13.6,00 01 00 14 e8 03 01 01 0a 00 00 00 01 00 00 00
14.0,13.0,53.8330078125,13.458251953125,0.0647875964641571,98.11337868480724,0.24549882513726307,16.0,90.0,2.5,1.0,34,13.6,00 01 00 14 e8 03 01 01 0a 00 00 00 01 00 00 00
15.0,14.0,54.50592041015625,13.626480102539062,0.06615471839904785,95.29024943310658,0.2506792431053959,16.0,90.0,2.5,1.0,34,13.6,00 01 00 14 e8 03 01 01 0a 00 00 00 01 00 00 00
16.0,15.0,53.16009521484375,13.290023803710938,0.06536950916051865,33.87301587301587,0.24770385960506047,16.0,50.0,2.5,1.0,33,13.2,00 01 00 14 e8 03 01 01 0a 00 00 00 01 00 00 00
17.0,16.0,53.16009521484375,13.290023803710938,0.06619372218847275,49.564625850340136,0.25082703967452796,16.0,50.0,2.5,1.0,33,13.2,00 01 00 14 e8 03 01 01 0a 00 00 00 01 00 00 00
18.0,17.0,53.16009521484375,13.290023803710938,0.053482163697481155,96.0453514739229,0.20265929082265463,14.0,75.0,2.5,1.0,33,13.2,00 01 00 14 e8 03 01 01 0a 00 00 00 01 00 00 00
19.0,18.0,53.16009521484375,13.290023803710938,0.04996351897716522,75.45124716553288,0.18932613460052353,14.0,75.0,2.5,1.0,33,13.2,00 01 00 14 e8 03 01 01 0a 00 00 00 01 00 00 00
20.0,19.0,53.16009521484375,13.290023803710938,0.0457131527364254,26.328798185941043,0.17322027521612743,13.0,26.0,2.5,1.0,33,13.2,00 01 00 14 e8 03 01 01 0a 00 00 00 01 00 00 00
21.0,20.0,53.16009521484375,13.290023803710938,0.04157431051135063,9.487528344671201,0.15753701238283982,12.0,20.0,2.5,1.0,33,13.2,00 01 00 14 e8 03 01 01 0a 00 00 00 01 00 00 00
22.0,21.0,53.8330078125,13.458251953125,0.05197887867689133,20.233560090702948,0.1969629117849568,14.0,20.0,2.5,1.0,34,13.6,00 01 00 14 e8 03 01 01 0a 00 00 00 01 00 00 00
23.0,22.0,53.8330078125,13.458251953125,0.042108722031116486,39.229024943310655,0.15956205123908013,12.0,20.0,2.5,1.0,34,13.6,00 01 00 14 e8 03 01 01 0a 00 00 00 01 00 00 00
24.0,23.0,606.9671630859375,9.483861923217773,0.05215536430478096,18.117913832199548,0.19763166655693676,14.0,19.0,2.5,1.0,24,9.6,00 01 00 14 e8 03 01 01 0a 00 00 00 01 00 00 00
25.0,24.0,606.9671630859375,9.483861923217773,0.06396346539258957,18.687074829931973,0.2423759556241013,16.0,19.0,2.5,1.0,24,9.6,00 01 00 14 e8 03 01 01 0a 00 00 00 01 00 00 00
26.0,25.0,1022.8271484375,7.990837097167969,0.048240192234516144,32.17233560090703,0.18279595423055045,13.0,19.0,2.5,1.0,20,8.0,00 01 00 14 e8 03 01 01 0a 00 00 00 01 00 00 00
27.0,26.0,339.82086181640625,10.619401931762695,0.06242553889751434,18.6734693877551,0.23654831008245325,16.0,19.0,2.5,1.0,27,10.8,00 01 00 14 e8 03 01 01 0a 00 00 00 01 00 00 00
28.0,27.0,76.03912353515625,9.504890441894531,0.049191173166036606,6.034013605442177,0.18639949432399064,13.0,16.0,2.5,1.0,24,9.6,00 01 00 14 e8 03 01 01 0a 00 00 00 01 00 00 00
29.0,28.0,606.9671630859375,9.483861923217773,0.05799107998609543,15.71655328798186,0.21974487065442797,15.0,16.0,2.5,1.0,24,9.6,00 01 00 14 e8 03 01 01 0a 00 00 00 01 00 00 00
30.0,29.0,606.9671630859375,9.483861923217773,0.07026885449886322,27.884353741496597,0.2662688873287042,17.0,28.0,2.5,1.0,24,9.6,00 01 00 14 e8 03 01 01 0a 00 00 00 01 00 00 00
31.0,30.0,1022.8271484375,7.990837097167969,0.06098182871937752,31.126984126984127,0.2310776772466236,15.0,28.0,2.5,1.0,20,8.0,00 01 00 14 e8 03 01 01 0a 00 00 00 01 00 00 00
32.0,31.0,340.4937744140625,10.640430450439453,0.0677032545208931,17.063492063492063,0.25654709157243916,17.0,17.0,2.5,1.0,27,10.8,00 01 00 14 e8 03 01 01 0a 00 00 00 01 00 00 00
33.0,32.0,76.03912353515625,9.504890441894531,0.048486072570085526,16.714285714285715,0.1837276654963023,13.0,17.0,2.5,1.0,24,9.6,00 01 00 14 e8 03 01 01 0a 00 00 00 01 00 00 00
34.0,33.0,606.9671630859375,9.483861923217773,0.046790674328804016,20.709750566893423,0.1773033142456017,13.0,17.0,2.5,1.0,24,9.6,00 01 00 14 e8 03 01 01 0a 00 00 00 01 00 00 00
35.0,34.0,606.9671630859375,9.483861923217773,0.06978078931570053,17.215419501133784,0.2644194680633494,17.0,21.0,2.5,1.0,24,9.6,00 01 00 14 e8 03 01 01 0a 00 00 00 01 00 00 00
36.0,35.0,1022.8271484375,7.990837097167969,0.060709889978170395,28.900226757369612,0.23004722319184803,15.0,26.0,2.5,1.0,20,8.0,00 01 00 14 e8 03 01 01 0a 00 00 00 01 00 00 00
37.0,36.0,255.03387451171875,7.969808578491211,0.07145186513662338,25.66439909297052,0.2707516546722293,17.0,26.0,2.5,1.0,20,8.0,00 01 00 14 e8 03 01 01 0a 00 00 00 01 00 00 00
38.0,37.0,76.03912353515625,9.504890441894531,0.04553544893860817,13.213151927437641,0.1725469044481488,13.0,17.0,2.5,1.0,24,9.6,00 01 00 14 e8 03 01 01 0a 00 00 00 01 00 00 00
39.0,38.0,606.9671630859375,9.483861923217773,0.045641034841537476,17.337868480725625,0.17294699978328817,13.0,17.0,2.5,1.0,24,9.6,00 01 00 14 e8 03 01 01 0a 00 00 00 01 00 00 00
40.0,39.0,606.9671630859375,9.483861923217773,0.05855100229382515,24.351473922902496,0.22186657721892197,15.0,22.0,2.5,1.0,24,9.6,00 01 00 14 e8 03 01 01 0a 00 00 00 01 00 00 00
41.0,40.0,1022.8271484375,7.990837097167969,0.04763256385922432,22.160997732426306,0.18049347566373505,13.0,22.0,2.5,1.0,20,8.0,00 01 00 14 e8 03 01 01 0a 00 00 00 01 00 00 00
42.0,41.0,255.03387451171875,7.969808578491211,0.07361123710870743,21.98639455782313,0.2789341357505982,18.0,22.0,2.5,1.0,20,8.0,00 01 00 14 e8 03 01 01 0a 00 00 00 01 00 00 00
43.0,42.0,76.03912353515625,9.504890441894531,0.04688186198472977,23.113378684807255,0.1776488504843041,13.0,23.0,2.5,1.0,24,9.6,00 01 00 14 e8 03 01 01 0a 00 00 00 01 00 00 00
44.0,43.0,606.9671630859375,9.483861923217773,0.050150588154792786,23.3265306122449,0.1900349934845287,14.0,23.0,2.5,1.0,24,9.6,00 01 00 14 e8 03 01 01 0a 00 00 00 01 00 00 00
45.0,44.0,606.9671630859375,9.483861923217773,0.060242798179388046,29.514739229024944,0.22827727810836654,15.0,30.0,2.5,1.0,24,9.6,00 01 00 14 e8 03 01 01 0a 00 00 00 01 00 00 00
46.0,45.0,1022.8271484375,7.990837097167969,0.04443821683526039,31.77551020408163,0.16838917662714847,13.0,30.0,2.5,1.0,20,8.0,00 01 00 14 e8 03 01 01 0a 00 00 00 01 00 00 00
47.0,46.0,339.82086181640625,10.619401931762695,0.06887594610452652,22.156462585034014,0.2609907570538348,17.0,22.0,2.5,1.0,27,10.8,00 01 00 14 e8 03 01 01 0a 00 00 00 01 00 00 00
48.0,47.0,76.03912353515625,9.504890441894531,0.05297141894698143,17.92517006802721,0.20072393215778925,14.0,22.0,2.5,1.0,24,9.6,00 01 00 14 e8 03 01 01 0a 00 00 00 01 00 00 00
49.0,48.0,405.76629638671875,12.680196762084961,0.06705069541931152,21.736961451247165,0.2540743575691098,16.0,18.0,2.5,1.0,32,12.8,00 01 00 14 e8 03 01 01 0a 00 00 00 01 00 00 00
50.0,49.0,606.9671630859375,9.483861923217773,0.06297755986452103,18.39002267573696,0.23864007619583658,16.0,22.0,2.5,1.0,24,9.6,00 01 00 14 e8 03 01 01 0a 00 00 00 01 00 00 00
51.0,50.0,405.0933837890625,12.659168243408203,0.05493137612938881,22.444444444444443,0.20815077327955478,14.0,19.0,2.5,1.0,32,12.8,00 01 00 14 e8 03 01 01 0a 00 00 00 01 00 00 00
52.0,51.0,255.03387451171875,7.969808578491211,0.07587119936943054,19.453514739229025,0.2874977823456532,18.0,22.0,2.5,1.0,20,8.0,00 01 00 14 e8 03 01 01 0a 00 00 00 01 00 00 00
53.0,52.0,76.03912353515625,9.504890441894531,0.056747909635305405,30.934240362811792,0.21503414086630754,15.0,19.0,2.5,1.0,24,9.6,00 01 00 14 e8 03 01 01 0a 00 00 00 01 00 00 00
54.0,53.0,606.9671630859375,9.483861923217773,0.0544264018535614,18.20861678004535,0.20623728060185134,14.0,29.0,2.5,1.0,24,9.6,00 01 00 14 e8 03 01 01 0a 00 00 00 01 00 00 00
55.0,54.0,606.9671630859375,9.483861923217773,0.05900346115231514,28.65532879818594,0.22358107388563644,15.0,29.0,2.5,1.0,24,9.6,00 01 00 14 e8 03 01 01 0a 00 00 00 01 00 00 00
56.0,55.0,405.76629638671875,12.680196762084961,0.0432647280395031,30.233560090702948,0.16394249027986996,12.0,29.0,2.5,1.0,32,12.8,00 01 00 14 e8 03 01 01 0a 00 00 00 01 00 00 00
57.0,56.0,340.4937744140625,10.640430450439453,0.06811456382274628,17.959183673469386,0.25810566074129,17.0,24.0,2.5,1.0,27,10.8,00 01 00 14 e8 03 01 01 0a 00 00 00 01 00 00 00
58.0,57.0,76.03912353515625,9.504890441894531,0.037786904722452164,23.98185941043084,0.1431854432208777,11.0,21.0,2.5,1.0,24,9.6,00 01 00 14 e8 03 01 01 0a 00 00 00 01 00 00 00
59.0,58.0,606.9671630859375,9.483861923217773,0.05825842544436455,20.793650793650794,0.22075791943988743,15.0,24.0,2.5,1.0,24,9.6,00 01 00 14 e8 03 01 01 0a 00 00 00 01 00 00 00
60.0,59.0,606.9671630859375,9.483861923217773,0.07062587887048721,28.138321995464853,0.2676217552936016,17.0,21.0,2.5,1.0,24,9.6,00 01 00 14 e8 03 01 01 0a 00 00 00 01 00 00 00
61.0,60.0,405.76629638671875,12.680196762084961,0.05327510088682175,17.408163265306122,0.2018746703162491,14.0,19.0,2.5,1.0,32,12.8,00 01 00 14 e8 03 01 01 0a 00 00 00 01 00 00 00
62.0,61.0,255.03387451171875,7.969808578491211,0.06556035578250885,19.052154195011337,0.24842703231152027,16.0,19.0,2.5,1.0,20,8.0,00 01 00 14 e8 03 01 01 0a 00 00 00 01 00 00 00
63.0,62.0,76.03912353515625,9.504890441894531,0.044982846826314926,28.85034013605442,0.17045293620823398,13.0,20.0,2.5,1.0,24,9.6,00 01 00 14 e8 03 01 01 0a 00 00 00 01 00 00 00
64.0,63.0,404.42047119140625,12.638139724731445,0.05433695390820503,20.045351473922903,0.2058983366265477,14.0,20.0,2.5,1.0,32,12.8,00 01 00 14 e8 03 01 01 0a 00 00 00 01 00 00 00
65.0,64.0,606.9671630859375,9.483861923217773,0.06934495270252228,17.71201814058957,0.2627679578619136,17.0,20.0,2.5,1.0,24,9.6,00 01 00 14 e8 03 01 01 0a 00 00 00 01 00 00 00
66.0,65.0,405.0933837890625,12.659168243408203,0.06132540479302406,23.98185941043084,0.23237958574499126,15.0,24.0,2.5,1.0,32,12.8,00 01 00 14 e8 03 01 01 0a 00 00 00 01 00 00 00
67.0,66.0,340.4937744140625,10.640430450439453,0.08044707030057907,24.97732426303855,0.3048370725630054,19.0,24.0,2.5,1.0,27,10.8,00 01 00 14 e8 03 01 01 0a 00 00 00 01 00 00 00
68.0,67.0,76.03912353515625,9.504890441894531,0.045081816613674164,14.462585034013605,0.17082796117978422,13.0,20.0,2.5,1.0,24,9.6,00 01 00 14 e8 03 01 01 0a 00 00 00 01 00 00 00
69.0,68.0,405.0933837890625,12.659168243408203,0.058523111045360565,20.26530612244898,0.22176088926160664,15.0,20.0,2.5,1.0,32,12.8,00 01 00 14 e8 03 01 01 0a 00 00 00 01 00 00 00
70.0,69.0,606.9671630859375,9.483861923217773,0.06999864429235458,26.426303854875282,0.2652449831887402,17.0,26.0,2.5,1.0,24,9.6,00 01 00 14 e8 03 01 01 0a 00 00 00 01 00 00 00
71.0,70.0,405.76629638671875,12.680196762084961,0.06347779929637909,25.86167800453515,0.24053562718878674,16.0,26.0,2.5,1.0,32,12.8,00 01 00 14 e8 03 01 01 0a 00 00 00 01 00 00 00
72.0,71.0,340.4937744140625,10.640430450439453,0.07312790304422379,17.80952380952381,0.277102644053801,17.0,25.0,2.5,1.0,27,10.8,00 01 00 14 e8 03 01 01 0a 00 00 00 01 00 00 00
73.0,72.0,76.03912353515625,9.504890441894531,0.05722476914525032,25.33786848072562,0.21684109861495277,15.0,20.0,2.5,1.0,24,9.6,00 01 00 14 e8 03 01 01 0a 00 00 00 01 00 00 00
74.0,73.0,405.0933837890625,12.659168243408203,0.06234895810484886,20.471655328798185,0.2362581234471479,16.0,25.0,2.5,1.0,32,12.8,00 01 00 14 e8 03 01 01 0a 00 00 00 01 00 00 00
75.0,74.0,606.9671630859375,9.483861923217773,0.056769270449876785,25.07936507936508,0.21511508313253516,15.0,22.0,2.5,1.0,24,9.6,00 01 00 14 e8 03 01 01 0a 00 00 00 01 00 00 00
76.0,75.0,405.76629638671875,12.680196762084961,0.04755775257945061,22.378684807256235,0.1802099942213941,13.0,22.0,2.5,1.0,32,12.8,00 01 00 14 e8 03 01 01 0a 00 00 00 01 00 00 00
77.0,76.0,255.03387451171875,7.969808578491211,0.07012838870286942,17.64625850340136,0.26573662205308884,17.0,22.0,2.5,1.0,20,8.0,00 01 00 14 e8 03 01 01 0a 00 00 00 01 00 00 00
78.0,77.0,76.03912353515625,9.504890441894531,0.06055121868848801,22.843537414965986,0.22944597206777537,15.0,18.0,2.5,1.0,24,9.6,00 01 00 14 e8 03 01 01 0a 00 00 00 01 00 00 00
79.0,78.0,405.0933837890625,12.659168243408203,0.058281004428863525,12.671201814058957,0.2208434777021137,15.0,23.0,2.5,1.0,32,12.8,00 01 00 14 e8 03 01 01 0a 00 00 00 01 00 00 00
80.0,79.0,606.9671630859375,9.483861923217773,0.06587797403335571,26.353741496598637,0.24963057915814849,16.0,16.0,2.5,1.0,24,9.6,00 01 00 14 e8 03 01 01 0a 00 00 00 01 00 00 00
81.0,80.0,405.76629638671875,12.680196762084961,0.051428526639938354,16.460317460317462,0.19487746972725364,14.0,17.0,2.5,1.0,32,12.8,00 01 00 14 e8 03 01 01 0a 00 00 00 01 00 00 00
82.0,81.0,340.4937744140625,10.640430450439453,0.07535800337791443,16.897959183673468,0.28555313522400766,18.0,16.0,2.5,1.0,27,10.8,00 01 00 14 e8 03 01 01 0a 00 00 00 01 00 00 00
83.0,82.0,810.186767578125,12.659168243408203,0.09835617989301682,3.9478458049886624,0.3726998364892818,22.0,10.0,2.5,1.0,32,12.8,00 01 00 14 e8 03 01 01 0a 00 00 00 01 00 00 00
84.0,83.0,103.6285400390625,12.953567504882812,0.14105266332626343,10.192743764172334,0.5344890846234313,29.0,10.0,2.5,1.0,32,12.8,00 01 00 14 e8 03 01 01 0a 00 00 00 01 00 00 00
85.0,84.0,101.60980224609375,12.701225280761719,0.12628807127475739,5.328798185941043,0.47854180149986275,27.0,10.0,2.5,1.0,32,12.8,00 01 00 14 e8 03 01 01 0a 00 00 00 01 00 00 00
86.0,85.0,102.28271484375,12.78533935546875,0.1287716031074524,6.879818594104309,0.4879526174645348,27.0,10.0,2.5,1.0,32,12.8,00 01 00 14 e8 03 01 01 0a 00 00 00 01 00 00 00
87.0,86.0,255.03387451171875,7.969808578491211,0.14307695627212524,6.3718820861678,0.5421597124451882,29.0,10.0,2.5,1.0,20,8.0,00 01 00 14 e8 03 01 01 0a 00 00 00 01 00 00 00
88.0,87.0,90.1702880859375,11.271286010742188,0.12946175038814545,5.913832199546485,0.4905677838826246,27.0,10.0,2.5,1.0,28,11.2,00 01 00 14 e8 03 01 01 0a 00 00 00 01 00 00 00
89.0,88.0,103.6285400390625,12.953567504882812,0.14647729694843292,8.732426303854874,0.5550445806400103,30.0,10.0,2.5,1.0,32,12.8,00 01 00 14 e8 03 01 01 0a 00 00 00 01 00 00 00
90.0,89.0,101.60980224609375,12.701225280761719,0.12282049655914307,3.972789115646259,0.4654021642047833,26.0,10.0,2.5,1.0,32,12.8,00 01 00 14 e8 03 01 01 0a 00 00 00 01 00 00 00
91.0,90.0,100.9368896484375,12.617111206054688,0.12393020838499069,5.845804988662132,0.4696071812814276,26.0,10.0,2.5,1.0,32,12.8,00 01 00 14 e8 03 01 01 0a 00 00 00 01 00 00 00
92.0,91.0,340.4937744140625,10.640430450439453,0.1275804489850998,5.426303854875283,0.4834389921171775,27.0,10.0,2.5,1.0,27,10.8,00 01 00 14 e8 03 01 01 0a 00 00 00 01 00 00 00
93.0,92.0,810.8596801757812,12.669682502746582,0.1369226723909378,9.19047619047619,0.5188393618711616,28.0,10.0,2.5,1.0,32,12.8,00 01 00 14 e8 03 01 01 0a 00 00 00 01 00 00 00
94.0,93.0,254.3609619140625,7.948780059814453,0.1387128084897995,8.47845804988662,0.5256227020950806,29.0,10.0,2.5,1.0,20,8.0,00 01 00 14 e8 03 01 01 0a 00 00 00 01 00 00 00
95.0,94.0,304.156494140625,9.504890441894531,0.11906439810991287,5.62358276643991,0.4511692275516068,25.0,10.0,2.5,1.0,24,9.6,00 01 00 14 e8 03 01 01 0a 00 00 00 01 00 00 00
96.0,95.0,102.28271484375,12.78533935546875,0.14233899116516113,7.814058956916099,0.5393633505389055,29.0,10.0,2.5,1.0,32,12.8,00 01 00 14 e8 03 01 01 0a 00 00 00 01 00 00 00
97.0,96.0,340.4937744140625,10.640430450439453,0.10906879603862762,2.546485260770975,0.41329301823123615,24.0,10.0,2.5,1.0,27,10.8,00 01 00 14 e8 03 01 01 0a 00 00 00 01 00 00 00
98.0,97.0,92.18902587890625,11.523628234863281,0.11918886750936508,5.308390022675737,0.4516408778828236,25.0,10.0,2.5,1.0,29,11.6,00 01 00 14 e8 03 01 01 0a 00 00 00 01 00 00 00
99.0,98.0,103.6285400390625,12.953567504882812,0.14265236258506775,8.634920634920636,0.5405508049224191,29.0,10.0,2.5,1.0,32,12.8,00 01 00 14 e8 03 01 01 0a 00 00 00 01 00 00 00
100.0,99.0,255.03387451171875,7.969808578491211,0.12070479243993759,6.0272108843537415,0.4573851531725811,26.0,10.0,2.5,1.0,20,8.0,00 01 00 14 e8 03 01 01 0a 00 00 00 01 00 00 00
101.0,100.0,100.9368896484375,12.617111206054688,0.12986500561237335,6.98639455782313,0.4920958338363404,27.0,10.0,2.5,1.0,32,12.8,00 01 00 14 e8 03 01 01 0a 00 00 00 01 00 00 00
102.0,101.0,405.0933837890625,12.659168243408203,0.12345533072948456,5.927437641723356,0.4678077333489026,26.0,10.0,2.5,1.0,32,12.8,00 01 00 14 e8 03 01 01 0a 00 00 00 01 00 00 00
103.0,102.0,105.64727783203125,13.205909729003906,0.13952311873435974,7.64172335600907,0.5286932005221412,29.0,10.0,2.5,1.0,33,13.2,00 01 00 14 e8 03 01 01 0a 00 00 00 01 00 00 00
104.0,103.0,254.3609619140625,7.948780059814453,0.13757941126823425,7.204081632653062,0.5213279342460828,28.0,10.0,2.5,1.0,20,8.0,00 01 00 14 e8 03 01 01 0a 00 00 00 01 00 00 00
105.0,104.0,255.03387451171875,7.969808578491211,0.12982060015201569,4.4421768707483,0.4919275687834222,27.0,10.0,2.5,1.0,20,8.0,00 01 00 14 e8 03 01 01 0a 00 00 00 01 00 00 00
106.0,105.0,102.28271484375,12.78533935546875,0.15800772607326508,9.621315192743763,0.5987366908271944,32.0,10.0,2.5,1.0,32,12.8,00 01 00 14 e8 03 01 01 0a 00 00 00 01 00 00 00
107.0,106.0,510.0677490234375,7.969808578491211,0.12211313843727112,3.3741496598639453,0.4627217809624919,26.0,10.0,2.5,1.0,20,8.0,00 01 00 14 e8 03 01 01 0a 00 00 00 01 00 00 00
108.0,107.0,92.18902587890625,11.523628234863281,0.14450779557228088,8.625850340136054,0.5475815738248239,30.0,10.0,2.5,1.0,29,11.6,00 01 00 14 e8 03 01 01 0a 00 00 00 01 00 00 00
109.0,108.0,254.3609619140625,7.948780059814453,0.1334332376718521,6.655328798185941,0.5056168907396288,28.0,10.0,2.5,1.0,20,8.0,00 01 00 14 e8 03 01 01 0a 00 00 00 01 00 00 00
110.0,109.0,255.03387451171875,7.969808578491211,0.12995845079421997,6.219954648526077,0.49244992448964586,27.0,10.0,2.5,1.0,20,8.0,00 01 00 14 e8 03 01 01 0a 00 00 00 01 00 00 00
111.0,110.0,100.26397705078125,12.532997131347656,0.1475055068731308,10.004535147392291,0.5589407635868101,30.0,10.0,2.5,1.0,31,12.4,00 01 00 14 e8 03 01 01 0a 00 00 00 01 00 00 00
112.0,111.0,339.82086181640625,10.619401931762695,0.1299322545528412,4.283446712018141,0.4923506594013807,27.0,10.0,2.5,1.0,27,10.8,00 01 00 14 e8 03 01 01 0a 00 00 00 01 00 00 00
113.0,112.0,105.64727783203125,13.205909729003906,0.15474200248718262,11.444444444444445,0.5863619254807158,31.0,10.0,2.5,1.0,33,13.2,00 01 00 14 e8 03 01 01 0a 00 00 00 01 00 00 00
114.0,113.0,103.6285400390625,12.953567504882812,0.1360412836074829,6.478458049886621,0.5154995264298662,28.0,10.0,2.5,1.0,32,12.8,00 01 00 14 e8 03 01 01 0a 00 00 00 01 00 00 00
115.0,114.0,255.03387451171875,7.969808578491211,0.1247064471244812,3.7324263038548753,0.47254857298248226,26.0,10.0,2.5,1.0,20,8.0,00 01 00 14 e8 03 01 01 0a 00 00 00 01 00 00 00
116.0,115.0,102.28271484375,12.78533935546875,0.15490995347499847,12.408163265306122,0.5869983400483135,31.0,10.0,2.5,1.0,32,12.8,00 01 00 14 e8 03 01 01 0a 00 00 00 01 00 00 00
117.0,116.0,255.706787109375,7.990837097167969,0.11110404878854752,2.931972789115646,0.4210051759007855,24.0,10.0,2.5,1.0,20,8.0,00 01 00 14 e8 03 01 01 0a 00 00 00 01 00 00 00
118.0,117.0,94.207763671875,11.775970458984375,0.14312341809272766,8.18140589569161,0.5423357696381409,29.0,10.0,2.5,1.0,29,11.6,00 01 00 14 e8 03 01 01 0a 00 00 00 01 00 00 00
119.0,118.0,254.3609619140625,7.948780059814453,0.13742220401763916,8.331065759637188,0.520732230786926,28.0,10.0,2.5,1.0,20,8.0,00 01 00 14 e8 03 01 01 0a 00 00 00 01 00 00 00
120.0,119.0,255.03387451171875,7.969808578491211,0.12567119300365448,5.292517006802721,0.4762042724190879,26.0,10.0,2.5,1.0,20,8.0,00 01 00 14 e8 03 01 01 0a 00 00 00 01 00 00 00
121.0,120.0,100.9368896484375,12.617111206054688,0.1462942510843277,5.736961451247166,0.5543509672473769,30.0,10.0,2.5,1.0,32,12.8,00 01 00 14 e8 03 01 01 0a 00 00 00 01 00 00 00
122.0,121.0,75.3662109375,9.4207763671875,0.13676945865154266,4.961451247165533,0.5182587909738109,28.0,10.0,2.5,1.0,24,9.6,00 01 00 14 e8 03 01 01 0a 00 00 00 01 00 00 00
123.0,122.0,100.9368896484375,12.617111206054688,0.175040602684021,14.859410430839,0.6632791561270444,35.0,13.0,2.5,1.0,32,12.8,00 01 00 14 e8 03 01 01 0a 00 00 00 01 00 00 00
124.0,123.0,111.7034912109375,13.962936401367188,0.18985818326473236,12.873015873015872,0.7194272280184577,37.0,13.0,2.5,1.0,35,14.0,00 01 00 14 e8 03 01 01 0a 00 00 00 01 00 00 00
125.0,124.0,202.54669189453125,12.659168243408203,0.16778460144996643,12.934240362811792,0.6357840818323771,34.0,13.0,2.5,1.0,32,12.8,00 01 00 14 e8 03 01 01 0a 00 00 00 01 00 00 00
126.0,125.0,84.7869873046875,10.598373413085938,0.18488997220993042,15.129251700680271,0.7006012483008335,37.0,13.0,2.5,1.0,26,10.4,00 01 00 14 e8 03 01 01 0a 00 00 00 01 00 00 00
127.0,126.0,76.03912353515625,9.504890441894531,0.1480783373117447,4.27437641723356,0.5611113827694553,30.0,15.0,2.5,1.0,24,9.6,00 01 00 14 e8 03 01 01 0a 00 00 00 01 00 00 00
128.0,127.0,113.72222900390625,14.215278625488281,0.20851090550422668,18.3265306122449,0.7901077540037201,41.0,18.0,2.5,1.0,36,14.4,00 01 00 14 e8 03 01 01 0a 00 00 00 01 00 00 00
129.0,128.0,111.7034912109375,13.962936401367188,0.19348536431789398,20.208616780045354,0.7331716596027341,38.0,18.0,2.5,1.0,35,14.0,00 01 00 14 e8 03 01 01 0a 00 00 00 01 00 00 00
130.0,129.0,202.54669189453125,12.659168243408203,0.1664884239435196,11.573696145124716,0.6308724926954333,33.0,12.0,2.5,1.0,32,12.8,00 01 00 14 e8 03 01 01 0a 00 00 00 01 00 00 00
131.0,130.0,85.45989990234375,10.682487487792969,0.1713854968547821,8.691609977324264,0.6494289095396912,34.0,10.0,2.5,1.0,27,10.8,00 01 00 14 e8 03 01 01 0a 00 00 00 01 00 00 00
132.0,131.0,76.03912353515625,9.504890441894531,0.1706346869468689,8.192743764172336,0.6465838749905845,34.0,10.0,2.5,1.0,24,9.6,00 01 00 14 e8 03 01 01 0a 00 00 00 01 00 00 00
133.0,132.0,150.732421875,9.4207763671875,0.2016734629869461,11.428571428571429,0.7641987189947642,39.0,11.0,2.5,1.0,24,9.6,00 01 00 14 e8 03 01 01 0a 00 00 00 01 00 00 00
134.0,133.0,100.9368896484375,12.617111206054688,0.19403955340385437,15.138321995464851,0.7352716413420234,38.0,14.0,2.5,1.0,32,12.8,00 01 00 14 e8 03 01 01 0a 00 00 00 01 00 00 00
135.0,134.0,255.03387451171875,7.969808578491211,0.169351726770401,13.530612244897961,0.6417223701160363,34.0,14.0,2.5,1.0,20,8.0,00 01 00 14 e8 03 01 01 0a 00 00 00 01 00 00 00
136.0,135.0,84.7869873046875,10.598373413085938,0.18757614493370056,11.857142857142858,0.7107799288475978,37.0,12.0,2.5,1.0,26,10.4,00 01 00 14 e8 03 01 01 0a 00 00 00 01 00 00 00
137.0,136.0,76.03912353515625,9.504890441894531,0.1503485143184662,10.124716553287982,0.5697137359731598,31.0,12.0,2.5,1.0,24,9.6,00 01 00 14 e8 03 01 01 0a 00 00 00 01 00 00 00
138.0,137.0,113.72222900390625,14.215278625488281,0.2107142060995102,13.804988662131521,0.7984566932619558,41.0,13.0,2.5,1.0,36,14.4,00 01 00 14 e8 03 01 01 0a 00 00 00 01 00 00 00
139.0,138.0,100.9368896484375,12.617111206054688,0.19685646891593933,12.99546485260771,0.7459457438935878,39.0,14.0,2.5,1.0,32,12.8,00 01 00 14 e8 03 01 01 0a 00 00 00 01 00 00 00
140.0,139.0,255.03387451171875,7.969808578491211,0.1686754673719406,14.058956916099774,0.6391598288755704,34.0,13.0,2.5,1.0,20,8.0,00 01 00 14 e8 03 01 01 0a 00 00 00 01 00 00 00
141.0,140.0,42.39349365234375,10.598373413085938,0.16620925068855286,11.936507936507937,0.62981462498858,33.0,14.0,2.5,1.0,26,10.4,00 01 00 14 e8 03 01 01 0a 00 00 00 01 00 00 00
142.0,141.0,75.3662109375,9.4207763671875,0.18787147104740143,14.96825396825397,0.7118990043790697,37.0,13.0,2.5,1.0,24,9.6,00 01 00 14 e8 03 01 01 0a 00 00 00 01 00 00 00
143.0,142.0,151.40533447265625,9.462833404541016,0.19441598653793335,13.01814058956916,0.7366980546865939,38.0,13.0,2.5,1.0,24,9.6,00 01 00 14 e8 03 01 01 0a 00 00 00 01 00 00 00
144.0,143.0,226.77154541015625,14.173221588134766,0.19237864017486572,9.115646258503402,0.728977963715053,38.0,11.0,2.5,1.0,35,14.0,00 01 00 14 e8 03 01 01 0a 00 00 00 01 00 00 00
145.0,144.0,302.13775634765625,9.441804885864258,0.18254567682743073,10.616780045351474,0.691718039267191,36.0,10.0,2.5,1.0,24,9.6,00 01 00 14 e8 03 01 01 0a 00 00 00 01 00 00 00
146.0,145.0,171.59271240234375,10.724544525146484,0.19262702763080597,9.777777777777779,0.7299191751805207,38.0,10.0,2.5,1.0,27,10.8,00 01 00 14 e8 03 01 01 0a 00 00 00 01 00 00 00
147.0,146.0,191.107177734375,11.944198608398438,0.16209611296653748,9.380952380952381,0.6142287639057232,33.0,10.0,2.5,1.0,30,12.0,00 01 00 14 e8 03 01 01 0a 00 00 00 01 00 00 00
148.0,147.0,114.3951416015625,14.299392700195312,0.1986815631389618,14.000000000000002,0.7528615504980928,39.0,10.0,2.5,1.0,36,14.4,00 01 00 14 e8 03 01 01 0a 00 00 00 01 00 00 00
149.0,148.0,100.9368896484375,12.617111206054688,0.1888006180524826,8.496598639455783,0.7154198094494266,37.0,10.0,2.5,1.0,32,12.8,00 01 00 14 e8 03 01 01 0a 00 00 00 01 00 00 00
150.0,149.0,84.7869873046875,10.598373413085938,0.1864030510187149,9.29251700680272,0.7063347388170651,37.0,10.0,2.5,1.0,26,10.4,00 01 00 14 e8 03 01 01 0a 00 00 00 01 00 00 00
151.0,150.0,171.59271240234375,10.724544525146484,0.17881296575069427,8.952380952380953,0.6775737240907109,35.0,10.0,2.5,1.0,27,10.8,00 01 00 14 e8 03 01 01 0a 00 00 00 01 00 00 00
152.0,151.0,152.75115966796875,9.546947479248047,0.1727285534143448,13.206349206349207,0.6545181368835076,34.0,13.0,2.5,1.0,24,9.6,00 01 00 14 e8 03 01 01 0a 00 00 00 01 00 00 00
153.0,152.0,150.732421875,9.4207763671875,0.21449346840381622,18.040816326530614,0.8127774044200858,42.0,13.0,2.5,1.0,24,9.6,00 01 00 14 e8 03 01 01 0a 00 00 00 01 00 00 00
154.0,153.0,100.9368896484375,12.617111206054688,0.1987854540348053,7.634920634920634,0.753255222964182,39.0,13.0,2.5,1.0,32,12.8,00 01 00 14 e8 03 01 01 0a 00 00 00 01 00 00 00
155.0,154.0,84.7869873046875,10.598373413085938,0.1905813068151474,13.058956916099774,0.7221673510010134,37.0,11.0,2.5,1.0,26,10.4,00 01 00 14 e8 03 01 01 0a 00 00 00 01 00 00 00
156.0,155.0,171.59271240234375,10.724544525146484,0.20726726949214935,10.859410430839002,0.7853952596911353,40.0,11.0,2.5,1.0,27,10.8,00 01 00 14 e8 03 01 01 0a 00 00 00 01 00 00 00
157.0,156.0,191.107177734375,11.944198608398438,0.16285574436187744,9.031746031746032,0.6171072256062822,33.0,11.0,2.5,1.0,30,12.0,00 01 00 14 e8 03 01 01 0a 00 00 00 01 00 00 00
158.0,157.0,114.3951416015625,14.299392700195312,0.20213189721107483,17.811791383219955,0.765935858039405,39.0,10.0,2.5,1.0,36,14.4,00 01 00 14 e8 03 01 01 0a 00 00 00 01 00 00 00
159.0,158.0,100.9368896484375,12.617111206054688,0.18999598920345306,7.904761904761905,0.7199494143303328,37.0,10.0,2.5,1.0,32,12.8,00 01 00 14 e8 03 01 01 0a 00 00 00 01 00 00 00
160.0,159.0,84.7869873046875,10.598373413085938,0.1900334358215332,10.217687074829932,0.7200913103296561,37.0,10.0,2.5,1.0,26,10.4,00 01 00 14 e8 03 01 01 0a 00 00 00 01 00 00 00
161.0,160.0,171.59271240234375,10.724544525146484,0.20455987751483917,9.6281179138322,0.7751361732935806,40.0,10.0,2.5,1.0,27,10.8,00 01 00 14 e8 03 01 01 0a 00 00 00 01 00 00 00
162.0,161.0,75.3662109375,9.4207763671875,0.20080101490020752,20.521541950113377,0.7608927624231839,39.0,17.0,2.5,1.0,24,9.6,00 01 00 14 e8 03 01 01 0a 00 00 00 01 00 00 00
163.0,162.0,100.9368896484375,12.617111206054688,0.2306535542011261,17.0,0.8740126144583498,44.0,17.0,2.5,1.0,32,12.8,00 01 00 14 e8 03 01 01 0a 00 00 00 01 00 00 00
164.0,163.0,102.28271484375,12.78533935546875,0.20618531107902527,13.843537414965986,0.7812954082725649,40.0,14.0,2.5,1.0,32,12.8,00 01 00 14 e8 03 01 01 0a 00 00 00 01 00 00 00
165.0,164.0,302.13775634765625,9.441804885864258,0.19959363341331482,9.63265306122449,0.7563176469272938,39.0,13.0,2.5,1.0,24,9.6,00 01 00 14 e8 03 01 01 0a 00 00 00 01 00 00 00
166.0,165.0,171.59271240234375,10.724544525146484,0.2131207138299942,13.27891156462585,0.8075756427640324,41.0,13.0,2.5,1.0,27,10.8,00 01 00 14 e8 03 01 01 0a 00 00 00 01 00 00 00
167.0,166.0,304.156494140625,9.504890441894531,0.1805865615606308,13.126984126984127,0.684294388405657,36.0,13.0,2.5,1.0,24,9.6,00 01 00 14 e8 03 01 01 0a 00 00 00 01 00 00 00
168.0,167.0,100.9368896484375,12.617111206054688,0.2203013002872467,22.770975056689345,0.8347849487926531,43.0,13.0,2.5,1.0,32,12.8,00 01 00 14 e8 03 01 01 0a 00 00 00 01 00 00 00
169.0,168.0,102.28271484375,12.78533935546875,0.19363100826740265,9.181405895691611,0.7337235463903927,38.0,14.0,2.5,1.0,32,12.8,00 01 00 14 e8 03 01 01 0a 00 00 00 01 00 00 00
170.0,169.0,84.7869873046875,10.598373413085938,0.19404588639736176,13.64625850340136,0.7352956388747381,38.0,10.0,2.5,1.0,26,10.4,00 01 00 14 e8 03 01 01 0a 00 00 00 01 00 00 00
171.0,170.0,171.59271240234375,10.724544525146484,0.19488182663917542,10.487528344671201,0.7384632567283153,38.0,12.0,2.5,1.0,27,10.8,00 01 00 14 e8 03 01 01 0a 00 00 00 01 00 00 00
172.0,171.0,152.75115966796875,9.546947479248047,0.17812339961528778,12.38548752834467,0.6749607597991525,35.0,12.0,2.5,1.0,24,9.6,00 01 00 14 e8 03 01 01 0a 00 00 00 01 00 00 00
173.0,172.0,100.9368896484375,12.617111206054688,0.2340727150440216,16.310657596371883,0.886968797673922,45.0,12.0,2.5,1.0,32,12.8,00 01 00 14 e8 03 01 01 0a 00 00 00 01 00 00 00
174.0,173.0,303.48358154296875,9.483861923217773,0.19931885600090027,8.378684807256235,0.7552764363313836,39.0,15.0,2.5,1.0,24,9.6,00 01 00 14 e8 03 01 01 0a 00 00 00 01 00 00 00
175.0,174.0,302.13775634765625,9.441804885864258,0.21930350363254547,15.074829931972788,0.8310040104676673,42.0,11.0,2.5,1.0,24,9.6,00 01 00 14 e8 03 01 01 0a 00 00 00 01 00 00 00
176.0,175.0,171.59271240234375,10.724544525146484,0.20309990644454956,10.884353741496598,0.7696039232634566,40.0,11.0,2.5,1.0,27,10.8,00 01 00 14 e8 03 01 01 0a 00 00 00 01 00 00 00
177.0,176.0,304.156494140625,9.504890441894531,0.176019087433815,10.900226757369614,0.6669869160934456,35.0,11.0,2.5,1.0,24,9.6,00 01 00 14 e8 03 01 01 0a 00 00 00 01 00 00 00
178.0,177.0,100.9368896484375,12.617111206054688,0.21871156990528107,17.20408163265306,0.8287610034333975,42.0,11.0,2.5,1.0,32,12.8,00 01 00 14 e8 03 01 01 0a 00 00 00 01 00 00 00
179.0,178.0,102.28271484375,12.78533935546875,0.19379767775535583,7.64172335600907,0.7343551049866647,38.0,12.0,2.5,1.0,32,12.8,00 01 00 14 e8 03 01 01 0a 00 00 00 01 00 00 00
180.0,179.0,150.732421875,9.4207763671875,0.20038913190364838,12.310657596371883,0.759332019360193,39.0,12.0,2.5,1.0,24,9.6,00 01 00 14 e8 03 01 01 0a 00 00 00 01 00 00 00
181.0,180.0,171.59271240234375,10.724544525146484,0.2138771116733551,15.08843537414966,0.810441851606711,41.0,15.0,2.5,1.0,27,10.8,00 01 00 14 e8 03 01 01 0a 00 00 00 01 00 00 00
182.0,181.0,76.03912353515625,9.504890441894531,0.20382621884346008,21.46485260770975,0.772356129709544,40.0,19.0,2.5,1.0,24,9.6,00 01 00 14 e8 03 01 01 0a 00 00 00 01 00 00 00
183.0,182.0,100.9368896484375,12.617111206054688,0.22772185504436493,18.936507936507937,0.8629035636844264,44.0,19.0,2.5,1.0,32,12.8,00 01 00 14 e8 03 01 01 0a 00 00 00 01 00 00 00
184.0,183.0,101.60980224609375,12.701225280761719,0.2019658088684082,8.344671201814059,0.7653065015696645,39.0,14.0,2.5,1.0,32,12.8,00 01 00 14 e8 03 01 01 0a 00 00 00 01 00 00 00
185.0,184.0,84.7869873046875,10.598373413085938,0.21788093447685242,14.068027210884354,0.8256134870425181,42.0,11.0,2.5,1.0,26,10.4,00 01 00 14 e8 03 01 01 0a 00 00 00 01 00 00 00
186.0,185.0,171.59271240234375,10.724544525146484,0.19582054018974304,10.517006802721088,0.7420203121892672,38.0,11.0,2.5,1.0,27,10.8,00 01 00 14 e8 03 01 01 0a 00 00 00 01 00 00 00
187.0,186.0,152.75115966796875,9.546947479248047,0.17839282751083374,10.27437641723356,0.6759816995380165,35.0,10.0,2.5,1.0,24,9.6,00 01 00 14 e8 03 01 01 0a 00 00 00 01 00 00 00
188.0,187.0,100.26397705078125,12.532997131347656,0.20220278203487396,10.1859410430839,0.7662044610114627,39.0,10.0,2.5,1.0,31,12.4,00 01 00 14 e8 03 01 01 0a 00 00 00 01 00 00 00
189.0,188.0,101.60980224609375,12.701225280761719,0.19415000081062317,7.315192743764172,0.7356901583125703,38.0,10.0,2.5,1.0,32,12.8,00 01 00 14 e8 03 01 01 0a 00 00 00 01 00 00 00
190.0,189.0,152.0782470703125,9.504890441894531,0.19940915703773499,11.53514739229025,0.755618612915506,39.0,10.0,2.5,1.0,24,9.6,00 01 00 14 e8 03 01 01 0a 00 00 00 01 00 00 00
191.0,190.0,84.11407470703125,10.514259338378906,0.19289717078208923,7.727891156462585,0.7309428252289619,38.0,10.0,2.5,1.0,26,10.4,00 01 00 14 e8 03 01 01 0a 00 00 00 01 00 00 00
192.0,191.0,153.424072265625,9.589004516601562,0.18763554096221924,9.868480725623582,0.7110049974720717,37.0,10.0,2.5,1.0,24,9.6,00 01 00 14 e8 03 01 01 0a 00 00 00 01 00 00 00
193.0,192.0,100.26397705078125,12.532997131347656,0.21259541809558868,21.575963718820862,0.8055851462387058,41.0,10.0,2.5,1.0,31,12.4,00 01 00 14 e8 03 01 01 0a 00 00 00 01 00 00 00
194.0,193.0,101.60980224609375,12.701225280761719,0.20031027495861053,10.428571428571429,0.759033207729306,39.0,17.0,2.5,1.0,32,12.8,00 01 00 14 e8 03 01 01 0a 00 00 00 01 00 00 00
195.0,194.0,152.0782470703125,9.504890441894531,0.22012650966644287,17.129251700680275,0.8341226168897232,43.0,10.0,2.5,1.0,24,9.6,00 01 00 14 e8 03 01 01 0a 00 00 00 01 00 00 00
196.0,195.0,171.59271240234375,10.724544525146484,0.1946142315864563,9.104308390022675,0.737449262157743,38.0,10.0,2.5,1.0,27,10.8,00 01 00 14 e8 03 01 01 0a 00 00 00 01 00 00 00
197.0,196.0,152.75115966796875,9.546947479248047,0.17171266674995422,9.145124716553287,0.6506686503121317,34.0,10.0,2.5,1.0,24,9.6,00 01 00 14 e8 03 01 01 0a 00 00 00 01 00 00 00
198.0,197.0,100.26397705078125,12.532997131347656,0.21706679463386536,8.820861678004535,0.8225284771662629,42.0,10.0,2.5,1.0,31,12.4,00 01 00 14 e8 03 01 01 0a 00 00 00 01 00 00 00
199.0,198.0,101.60980224609375,12.701225280761719,0.1858605593442917,14.095238095238095,0.7042790819323197,37.0,12.0,2.5,1.0,32,12.8,00 01 00 14 e8 03 01 01 0a 00 00 00 01 00 00 00
200.0,199.0,151.40533447265625,9.462833404541016,0.19327491521835327,12.249433106575964,0.7323742074744239,38.0,12.0,2.5,1.0,24,9.6,00 01 00 14 e8 03 01 01 0a 00 00 00 01 00 00 00
201.0,200.0,171.59271240234375,10.724544525146484,0.1859990805387497,11.664399092970521,0.7048039785537721,37.0,12.0,2.5,1.0,27,10.8,00 01 00 14 e8 03 01 01 0a 00 00 00 01 00 00 00
202.0,201.0,114.3951416015625,14.299392700195312,0.1910681128501892,14.802721088435375,0.7240119989922166,38.0,14.0,2.5,1.0,36,14.4,00 01 00 14 e8 03 01 01 0a 00 00 00 01 00 00 00
203.0,202.0,100.9368896484375,12.617111206054688,0.2330554574728012,14.35374149659864,0.883114116342523,45.0,14.0,2.5,1.0,32,12.8,00 01 00 14 e8 03 01 01 0a 00 00 00 01 00 00 00
204.0,203.0,303.48358154296875,9.483861923217773,0.18783678114414215,12.628117913832199,0.7117675543645753,37.0,13.0,2.5,1.0,24,9.6,00 01 00 14 e8 03 01 01 0a 00 00 00 01 00 00 00
205.0,204.0,152.0782470703125,9.504890441894531,0.21974124014377594,12.537414965986397,0.8326627199289176,42.0,13.0,2.5,1.0,24,9.6,00 01 00 14 e8 03 01 01 0a 00 00 00 01 00 00 00
206.0,205.0,255.03387451171875,7.969808578491211,0.19412800669670105,8.73015873015873,0.7356068162930712,38.0,12.0,2.5,1.0,20,8.0,00 01 00 14 e8 03 01 01 0a 00 00 00 01 00 00 00
207.0,206.0,152.75115966796875,9.546947479248047,0.18436630070209503,11.884353741496598,0.6986169064368385,36.0,12.0,2.5,1.0,24,9.6,00 01 00 14 e8 03 01 01 0a 00 00 00 01 00 00 00
208.0,207.0,100.9368896484375,12.617111206054688,0.22062408924102783,13.306122448979593,0.8360080889189332,43.0,13.0,2.5,1.0,32,12.8,00 01 00 14 e8 03 01 01 0a 00 00 00 01 00 00 00
209.0,208.0,102.95562744140625,12.869453430175781,0.17429018020629883,15.782312925170066,0.660435589662292,35.0,13.0,2.5,1.0,32,12.8,00 01 00 14 e8 03 01 01 0a 00 00 00 01 00 00 00
210.0,209.0,152.0782470703125,9.504890441894531,0.20405788719654083,12.619047619047619,0.7732339876886446,40.0,13.0,2.5,1.0,24,9.6,00 01 00 14 e8 03 01 01 0a 00 00 00 01 00 00 00
211.0,210.0,84.11407470703125,10.514259338378906,0.19673696160316467,10.16326530612245,0.7454928963350629,39.0,13.0,2.5,1.0,26,10.4,00 01 00 14 e8 03 01 01 0a 00 00 00 01 00 00 00
212.0,211.0,150.732421875,9.4207763671875,0.19138751924037933,14.056689342403628,0.7252223216127878,38.0,14.0,2.5,1.0,24,9.6,00 01 00 14 e8 03 01 01 0a 00 00 00 01 00 00 00
213.0,212.0,100.9368896484375,12.617111206054688,0.22808708250522614,20.317460317460316,0.8642875155122874,44.0,14.0,2.5,1.0,32,12.8,00 01 00 14 e8 03 01 01 0a 00 00 00 01 00 00 00
214.0,213.0,303.48358154296875,9.483861923217773,0.1873549222946167,12.528344671201813,0.7099416526812811,37.0,18.0,2.5,1.0,24,9.6,00 01 00 14 e8 03 01 01 0a 00 00 00 01 00 00 00
215.0,214.0,152.0782470703125,9.504890441894531,0.21971599757671356,18.03174603174603,0.8325670685867553,42.0,13.0,2.5,1.0,24,9.6,00 01 00 14 e8 03 01 01 0a 00 00 00 01 00 00 00
216.0,215.0,84.11407470703125,10.514259338378906,0.18380315601825714,4.00453514739229,0.6964829893630513,36.0,14.0,2.5,1.0,26,10.4,00 01 00 14 e8 03 01 01 0a 00 00 00 01 00 00 00
217.0,216.0,152.75115966796875,9.546947479248047,0.18374095857143402,14.002267573696145,0.6962473053594,36.0,14.0,2.5,1.0,24,9.6,00 01 00 14 e8 03 01 01 0a 00 00 00 01 00 00 00
218.0,217.0,100.26397705078125,12.532997131347656,0.22769054770469666,16.839002267573697,0.8627849311756408,44.0,14.0,2.5,1.0,31,12.4,00 01 00 14 e8 03 01 01 0a 00 00 00 01 00 00 00
219.0,218.0,303.48358154296875,9.483861923217773,0.17854002118110657,9.936507936507937,0.6765394586630924,35.0,17.0,2.5,1.0,24,9.6,00 01 00 14 e8 03 01 01 0a 00 00 00 01 00 00 00
220.0,219.0,152.0782470703125,9.504890441894531,0.19665193557739258,17.140589569160998,0.7451707082840725,39.0,11.0,2.5,1.0,24,9.6,00 01 00 14 e8 03 01 01 0a 00 00 00 01 00 00 00
221.0,220.0,170.9197998046875,10.682487487792969,0.20145319402217865,11.306122448979592,0.7633640565745504,39.0,17.0,2.5,1.0,27,10.8,00 01 00 14 e8 03 01 01 0a 00 00 00 01 00 00 00
222.0,221.0,86.1328125,10.7666015625,0.1918756365776062,17.798185941043084,0.7270719385048826,38.0,18.0,2.5,1.0,27,10.8,00 01 00 14 e8 03 01 01 0a 00 00 00 01 00 00 00
223.0,222.0,101.60980224609375,12.701225280761719,0.21995492279529572,18.308390022675734,0.833472424915108,43.0,18.0,2.5,1.0,32,12.8,00 01 00 14 e8 03 01 01 0a 00 00 00 01 00 00 00
224.0,223.0,202.54669189453125,12.659168243408203,0.18527455627918243,13.603174603174603,0.7020585478816277,37.0,16.0,2.5,1.0,32,12.8,00 01 00 14 e8 03 01 01 0a 00 00 00 01 00 00 00
225.0,224.0,303.48358154296875,9.483861923217773,0.21333515644073486,16.478458049886623,0.8083882274541486,41.0,14.0,2.5,1.0,24,9.6,00 01 00 14 e8 03 01 01 0a 00 00 00 01 00 00 00
226.0,225.0,203.2196044921875,12.701225280761719,0.19848765432834625,10.433106575963718,0.7521267742787555,39.0,14.0,2.5,1.0,32,12.8,00 01 00 14 e8 03 01 01 0a 00 00 00 01 00 00 00
227.0,226.0,304.82940673828125,9.525918960571289,0.19709272682666779,13.757369614512472,0.7468409930258089,39.0,14.0,2.5,1.0,24,9.6,00 01 00 14 e8 03 01 01 0a 00 00 00 01 00 00 00
228.0,227.0,100.9368896484375,12.617111206054688,0.21593621373176575,14.258503401360546,0.8182443811612253,42.0,14.0,2.5,1.0,32,12.8,00 01 00 14 e8 03 01 01 0a 00 00 00 01 00 00 00
229.0,228.0,202.54669189453125,12.659168243408203,0.18108782172203064,12.755102040816327,0.6861938072362329,36.0,14.0,2.5,1.0,32,12.8,00 01 00 14 e8 03 01 01 0a 00 00 00 01 00 00 00
230.0,229.0,403.74755859375,12.617111206054688,0.20382250845432281,14.920634920634921,0.7723420699786123,40.0,13.0,2.5,1.0,32,12.8,00 01 00 14 e8 03 01 01 0a 00 00 00 01 00 00 00
231.0,230.0,170.9197998046875,10.682487487792969,0.19731968641281128,7.038548752834467,0.7477010081335261,39.0,15.0,2.5,1.0,27,10.8,00 01 00 14 e8 03 01 01 0a 00 00 00 01 00 00 00
232.0,231.0,90.84320068359375,11.355400085449219,0.17840273678302765,15.900226757369614,0.6760192486186173,35.0,12.0,2.5,1.0,28,11.2,00 01 00 14 e8 03 01 01 0a 00 00 00 01 00 00 00
233.0,232.0,100.9368896484375,12.617111206054688,0.2136310338973999,12.006802721088436,0.8095093921825863,41.0,13.0,2.5,1.0,32,12.8,00 01 00 14 e8 03 01 01 0a 00 00 00 01 00 00 00
234.0,233.0,202.54669189453125,12.659168243408203,0.18785525858402252,12.634920634920634,0.7118375706953197,37.0,13.0,2.5,1.0,32,12.8,00 01 00 14 e8 03 01 01 0a 00 00 00 01 00 00 00
235.0,234.0,202.54669189453125,12.659168243408203,0.21995572745800018,15.070294784580499,0.8334754740133824,43.0,13.0,2.5,1.0,32,12.8,00 01 00 14 e8 03 01 01 0a 00 00 00 01 00 00 00
236.0,235.0,100.9368896484375,12.617111206054688,0.2022712230682373,11.453514739229025,0.7664638037591316,39.0,11.0,2.5,1.0,32,12.8,00 01 00 14 e8 03 01 01 0a 00 00 00 01 00 00 00
237.0,236.0,304.156494140625,9.504890441894531,0.19327722489833832,9.54875283446712,0.732382959515767,38.0,11.0,2.5,1.0,24,9.6,00 01 00 14 e8 03 01 01 0a 00 00 00 01 00 00 00
238.0,237.0,100.9368896484375,12.617111206054688,0.21760189533233643,15.25170068027211,0.8245561275187104,42.0,15.0,2.5,1.0,32,12.8,00 01 00 14 e8 03 01 01 0a 00 00 00 01 00 00 00
239.0,238.0,202.54669189453125,12.659168243408203,0.18168970942497253,16.349206349206348,0.6884745327454521,36.0,15.0,2.5,1.0,32,12.8,00 01 00 14 e8 03 01 01 0a 00 00 00 01 00 00 00
240.0,239.0,403.74755859375,12.617111206054688,0.20100392401218414,10.648526077097506,0.7616616433713677,39.0,11.0,2.5,1.0,32,12.8,00 01 00 14 e8 03 01 01 0a 00 00 00 01 00 00 00
241.0,240.0,84.7869873046875,10.598373413085938,0.19543524086475372,6.120181405895692,0.7405603022988959,38.0,11.0,2.5,1.0,26,10.4,00 01 00 14 e8 03 01 01 0a 00 00 00 01 00 00 00
242.0,241.0,179.66766357421875,11.229228973388672,0.17820583283901215,20.467120181405896,0.6752731229779255,35.0,13.0,2.5,1.0,28,11.2,00 01 00 14 e8 03 01 01 0a 00 00 00 01 00 00 00
243.0,242.0,100.9368896484375,12.617111206054688,0.21293167769908905,12.619047619047619,0.80685933052869,41.0,13.0,2.5,1.0,32,12.8,00 01 00 14 e8 03 01 01 0a 00 00 00 01 00 00 00
244.0,243.0,202.54669189453125,12.659168243408203,0.18683694303035736,8.739229024943311,0.7079788803643379,37.0,13.0,2.5,1.0,32,12.8,00 01 00 14 e8 03 01 01 0a 00 00 00 01 00 00 00
245.0,244.0,202.54669189453125,12.659168243408203,0.22103029489517212,18.55328798185941,0.837547318899655,43.0,12.0,2.5,1.0,32,12.8,00 01 00 14 e8 03 01 01 0a 00 00 00 01 00 00 00
246.0,245.0,203.2196044921875,12.701225280761719,0.20046882331371307,11.689342403628117,0.7596339930189201,39.0,13.0,2.5,1.0,32,12.8,00 01 00 14 e8 03 01 01 0a 00 00 00 01 00 00 00
247.0,246.0,304.156494140625,9.504890441894531,0.2001381814479828,12.702947845804987,0.7583810959520736,39.0,13.0,2.5,1.0,24,9.6,00 01 00 14 e8 03 01 01 0a 00 00 00 01 00 00 00
248.0,247.0,100.9368896484375,12.617111206054688,0.21083635091781616,15.063492063492061,0.7989195350870467,41.0,13.0,2.5,1.0,32,12.8,00 01 00 14 e8 03 01 01 0a 00 00 00 01 00 00 00
249.0,248.0,202.54669189453125,12.659168243408203,0.18732748925685883,8.972789115646258,0.7098377010160386,37.0,15.0,2.5,1.0,32,12.8,00 01 00 14 e8 03 01 01 0a 00 00 00 01 00 00 00
250.0,249.0,403.74755859375,12.617111206054688,0.2032361626625061,16.886621315192745,0.7701202372379145,40.0,10.0,2.5,1.0,32,12.8,00 01 00 14 e8 03 01 01 0a 00 00 00 01 00 00 00
251.0,250.0,84.7869873046875,10.598373413085938,0.20008407533168793,10.140589569160998,0.7581760723255145,39.0,17.0,2.5,1.0,26,10.4,00 01 00 14 e8 03 01 01 0a 00 00 00 01 00 00 00
252.0,251.0,180.340576171875,11.271286010742188,0.17238539457321167,17.86394557823129,0.65321780939906,34.0,18.0,2.5,1.0,28,11.2,00 01 00 14 e8 03 01 01 0a 00 00 00 01 00 00 00
253.0,252.0,1444.0704345703125,11.281800270080566,0.08297042548656464,29.748299319727888,0.31439879065986664,19.0,30.0,2.5,1.0,28,11.2,00 01 00 14 e8 03 01 01 0a 00 00 00 01 00 00 00
254.0,253.0,606.9671630859375,9.483861923217773,0.060973718762397766,33.57142857142857,0.23104694628855288,15.0,30.0,2.5,1.0,24,9.6,00 01 00 14 e8 03 01 01 0a 00 00 00 01 00 00 00
255.0,254.0,1081.3705444335938,8.448207378387451,0.06736055761575699,24.290249433106574,0.2552485144962602,16.0,24.0,2.5,1.0,21,8.4,00 01 00 14 e8 03 01 01 0a 00 00 00 01 00 00 00
256.0,255.0,2429.2144775390625,9.489119052886963,0.062330394983291626,23.555555555555554,0.23618778244390196,16.0,24.0,2.5,1.0,24,9.6,00 01 00 14 e8 03 01 01 0a 00 00 00 01 00 00 00
257.0,256.0,1213.934326171875,9.483861923217773,0.07444774359464645,32.44671201814059,0.28210389926592394,18.0,24.0,2.5,1.0,24,9.6,00 01 00 14 e8 03 01 01 0a 00 00 00 01 00 00 00
258.0,257.0,1443.3975219726562,11.276543140411377,0.0649498999118805,21.487528344671205,0.2461138395521575,16.0,24.0,2.5,1.0,28,11.2,00 01 00 14 e8 03 01 01 0a 00 00 00 01 00 00 00
259.0,258.0,722.0352172851562,11.281800270080566,0.057106077671051025,24.049886621315192,0.21639134250328937,15.0,21.0,2.5,1.0,28,11.2,00 01 00 14 e8 03 01 01 0a 00 00 00 01 00 00 00
260.0,259.0,810.8596801757812,12.669682502746582,0.04856056347489357,13.426303854875282,0.18400993294581178,13.0,18.0,2.5,1.0,32,12.8,00 01 00 14 e8 03 01 01 0a 00 00 00 01 00 00 00
261.0,260.0,962.9379272460938,15.045905113220215,0.04501240700483322,18.140589569160998,0.17056494822122947,13.0,18.0,2.5,1.0,38,15.2,00 01 00 14 e8 03 01 01 0a 00 00 00 01 00 00 00
262.0,261.0,810.186767578125,12.659168243408203,0.06133396923542023,21.494331065759635,0.23241203887893916,15.0,21.0,2.5,1.0,32,12.8,00 01 00 14 e8 03 01 01 0a 00 00 00 01 00 00 00
263.0,262.0,203.2196044921875,12.701225280761719,0.09628252685070038,23.122448979591837,0.36484216907430617,21.0,23.0,2.5,1.0,32,12.8,00 01 00 14 e8 03 01 01 0a 00 00 00 01 00 00 00
264.0,263.0,303.48358154296875,9.483861923217773,0.08262140303850174,32.75283446712018,0.3130762442833642,19.0,25.0,2.5,1.0,24,9.6,00 01 00 14 e8 03 01 01 0a 00 00 00 01 00 00 00
265.0,264.0,202.54669189453125,12.659168243408203,0.08568025380373001,25.35827664399093,0.32466710904941876,20.0,33.0,2.5,1.0,32,12.8,00 01 00 14 e8 03 01 01 0a 00 00 00 01 00 00 00
266.0,265.0,404.42047119140625,12.638139724731445,0.07365584373474121,32.61904761904762,0.279103163078085,18.0,25.0,2.5,1.0,32,12.8,00 01 00 14 e8 03 01 01 0a 00 00 00 01 00 00 00
267.0,266.0,405.0933837890625,12.659168243408203,0.05458714812994003,23.643990929705218,0.20684639444693706,14.0,24.0,2.5,1.0,32,12.8,00 01 00 14 e8 03 01 01 0a 00 00 00 01 00 00 00
268.0,267.0,201.873779296875,12.617111206054688,0.0807797908782959,20.444444444444446,0.3060978464670607,19.0,24.0,2.5,1.0,32,12.8,00 01 00 14 e8 03 01 01 0a 00 00 00 01 00 00 00
269.0,268.0,304.156494140625,9.504890441894531,0.08632318675518036,34.362811791383216,0.3271033668030216,20.0,25.0,2.5,1.0,24,9.6,00 01 00 14 e8 03 01 01 0a 00 00 00 01 00 00 00
270.0,269.0,202.54669189453125,12.659168243408203,0.08859330415725708,25.494331065759635,0.33570549414759465,20.0,34.0,2.5,1.0,32,12.8,00 01 00 14 e8 03 01 01 0a 00 00 00 01 00 00 00
271.0,270.0,201.873779296875,12.617111206054688,0.07585594803094864,40.56916099773243,0.2874399906403976,18.0,25.0,2.5,1.0,32,12.8,00 01 00 14 e8 03 01 01 0a 00 00 00 01 00 00 00
272.0,271.0,202.54669189453125,12.659168243408203,0.1000484824180603,22.034013605442176,0.37911245718134357,22.0,22.0,2.5,1.0,32,12.8,00 01 00 14 e8 03 01 01 0a 00 00 00 01 00 00 00
273.0,272.0,203.89251708984375,12.743282318115234,0.11843931674957275,21.199546485260772,0.44880061460786846,25.0,22.0,2.5,1.0,32,12.8,00 01 00 14 e8 03 01 01 0a 00 00 00 01 00 00 00
274.0,273.0,202.54669189453125,12.659168243408203,0.11530813574790955,39.35600907029478,0.43693566978581894,25.0,21.0,2.5,1.0,32,12.8,00 01 00 14 e8 03 01 01 0a 00 00 00 01 00 00 00
275.0,274.0,202.54669189453125,12.659168243408203,0.11757884174585342,21.3015873015873,0.44554002748931487,25.0,39.0,2.5,1.0,32,12.8,00 01 00 14 e8 03 01 01 0a 00 00 00 01 00 00 00
276.0,275.0,203.2196044921875,12.701225280761719,0.11385556310415268,48.24263038548753,0.43143145452038417,24.0,21.0,2.5,1.0,32,12.8,00 01 00 14 e8 03 01 01 0a 00 00 00 01 00 00 00
277.0,276.0,100.9368896484375,12.617111206054688,0.09496600180864334,16.306122448979593,0.35985347727636924,21.0,32.0,2.5,1.0,32,12.8,00 01 00 14 e8 03 01 01 0a 00 00 00 01 00 00 00
278.0,277.0,201.873779296875,12.617111206054688,0.12475468963384628,31.501133786848072,0.47273137771698653,26.0,27.0,2.5,1.0,32,12.8,00 01 00 14 e8 03 01 01 0a 00 00 00 01 00 00 00
279.0,278.0,304.156494140625,9.504890441894531,0.1346527487039566,27.224489795918366,0.5102379685687657,28.0,27.0,2.5,1.0,24,9.6,00 01 00 14 e8 03 01 01 0a 00 00 00 01 00 00 00
280.0,279.0,201.873779296875,12.617111206054688,0.13633225858211517,21.199546485260772,0.5166021142447434,28.0,27.0,2.5,1.0,32,12.8,00 01 00 14 e8 03 01 01 0a 00 00 00 01 00 00 00
281.0,280.0,340.4937744140625,10.640430450439453,0.12052326649427414,34.63265306122449,0.4566972991877993,26.0,25.0,2.5,1.0,27,10.8,00 01 00 14 e8 03 01 01 0a 00 00 00 01 00 00 00
282.0,281.0,150.732421875,9.4207763671875,0.16157691180706024,25.197278911564624,0.6122613614765857,33.0,28.0,2.5,1.0,24,9.6,00 01 00 14 e8 03 01 01 0a 00 00 00 01 00 00 00
283.0,282.0,203.89251708984375,12.743282318115234,0.1654892861843109,28.17006802721088,0.6270864725399903,33.0,28.0,2.5,1.0,32,12.8,00 01 00 14 e8 03 01 01 0a 00 00 00 01 00 00 00
284.0,283.0,303.48358154296875,9.483861923217773,0.1457296758890152,30.666666666666664,0.5522116295544353,30.0,28.0,2.5,1.0,24,9.6,00 01 00 14 e8 03 01 01 0a 00 00 00 01 00 00 00
285.0,284.0,404.42047119140625,12.638139724731445,0.14099669456481934,19.020408163265305,0.5342770028990149,29.0,31.0,2.5,1.0,32,12.8,00 01 00 14 e8 03 01 01 0a 00 00 00 01 00 00 00
286.0,285.0,202.54669189453125,12.659168243408203,0.12549252808094025,36.07482993197279,0.47552725967261494,26.0,19.0,2.5,1.0,32,12.8,00 01 00 14 e8 03 01 01 0a 00 00 00 01 00 00 00
287.0,286.0,304.156494140625,9.504890441894531,0.12351049482822418,19.14739229024943,0.4680167659750446,26.0,19.0,2.5,1.0,24,9.6,00 01 00 14 e8 03 01 01 0a 00 00 00 01 00 00 00
288.0,287.0,201.873779296875,12.617111206054688,0.14091503620147705,14.680272108843537,0.5339675758889505,29.0,19.0,2.5,1.0,32,12.8,00 01 00 14 e8 03 01 01 0a 00 00 00 01 00 00 00
289.0,288.0,203.2196044921875,12.701225280761719,0.14548006653785706,32.19501133786848,0.5512657879767731,30.0,32.0,2.5,1.0,32,12.8,00 01 00 14 e8 03 01 01 0a 00 00 00 01 00 00 00
290.0,289.0,202.54669189453125,12.659168243408203,0.1590765416622162,34.15873015873016,0.6027867403072836,32.0,32.0,2.5,1.0,32,12.8,00 01 00 14 e8 03 01 01 0a 00 00 00 01 00 00 00
291.0,290.0,170.24688720703125,10.640430450439453,0.14967551827430725,31.544217687074834,0.56716356052014,31.0,32.0,2.5,1.0,27,10.8,00 01 00 14 e8 03 01 01 0a 00 00 00 01 00 00 00
292.0,291.0,152.0782470703125,9.504890441894531,0.17511306703090668,29.2562358276644,0.6635537443660852,35.0,29.0,2.5,1.0,24,9.6,00 01 00 14 e8 03 01 01 0a 00 00 00 01 00 00 00
293.0,292.0,202.54669189453125,12.659168243408203,0.16986669600009918,26.498866213151928,0.643673736546842,34.0,29.0,2.5,1.0,32,12.8,00 01 00 14 e8 03 01 01 0a 00 00 00 01 00 00 00
294.0,293.0,203.2196044921875,12.701225280761719,0.1493457555770874,30.183673469387756,0.5659139948754822,30.0,26.0,2.5,1.0,32,12.8,00 01 00 14 e8 03 01 01 0a 00 00 00 01 00 00 00
295.0,294.0,202.54669189453125,12.659168243408203,0.16041749715805054,19.861678004535147,0.607868006116717,32.0,30.0,2.5,1.0,32,12.8,00 01 00 14 e8 03 01 01 0a 00 00 00 01 00 00 00
296.0,295.0,806.1492919921875,12.59608268737793,0.13398109376430511,30.75510204081633,0.5076928749462032,28.0,20.0,2.5,1.0,31,12.4,00 01 00 14 e8 03 01 01 0a 00 00 00 01 00 00 00
297.0,296.0,202.54669189453125,12.659168243408203,0.13159069418907166,16.113378684807255,0.4986349638743966,27.0,22.0,2.5,1.0,32,12.8,00 01 00 14 e8 03 01 01 0a 00 00 00 01 00 00 00
298.0,297.0,202.54669189453125,12.659168243408203,0.1406984180212021,22.41269841269841,0.5331467473405369,29.0,22.0,2.5,1.0,32,12.8,00 01 00 14 e8 03 01 01 0a 00 00 00 01 00 00 00
299.0,298.0,202.54669189453125,12.659168243408203,0.1643134206533432,33.807256235827666,0.6226307800598458,33.0,22.0,2.5,1.0,32,12.8,00 01 00 14 e8 03 01 01 0a 00 00 00 01 00 00 00
300.0,299.0,202.54669189453125,12.659168243408203,0.17335806787014008,20.17687074829932,0.6569035481001464,35.0,32.0,2.5,1.0,32,12.8,00 01 00 14 e8 03 01 01 0a 00 00 00 01 00 00 00
301.0,300.0,336.456298828125,10.514259338378906,0.16862402856349945,32.46485260770975,0.6389649124451431,34.0,20.0,2.5,1.0,26,10.4,00 01 00 14 e8 03 01 01 0a 00 00 00 01 00 00 00
302.0,301.0,150.05950927734375,9.378719329833984,0.21134468913078308,6.444444444444445,0.8008457746894804,41.0,13.0,2.5,1.0,23,9.2,00 01 00 14 e8 03 01 01 0a 00 00 00 01 00 00 00
303.0,302.0,111.7034912109375,13.962936401367188,0.2231128066778183,13.297052154195011,0.84543855462804,43.0,13.0,2.5,1.0,35,14.0,00 01 00 14 e8 03 01 01 0a 00 00 00 01 00 00 00
304.0,303.0,303.48358154296875,9.483861923217773,0.19200961291790009,14.031746031746032,0.727579613367563,38.0,13.0,2.5,1.0,24,9.6,00 01 00 14 e8 03 01 01 0a 00 00 00 01 00 00 00
305.0,304.0,84.7869873046875,10.598373413085938,0.22505596280097961,9.80952380952381,0.8528017317071326,43.0,13.0,2.5,1.0,26,10.4,00 01 00 14 e8 03 01 01 0a 00 00 00 01 00 00 00
306.0,305.0,76.03912353515625,9.504890441894531,0.18231381475925446,12.510204081632653,0.6908394472459133,36.0,13.0,2.5,1.0,24,9.6,00 01 00 14 e8 03 01 01 0a 00 00 00 01 00 00 00
307.0,306.0,101.60980224609375,12.701225280761719,0.22493590414524078,18.74829931972789,0.8523467949516419,43.0,13.0,2.5,1.0,32,12.8,00 01 00 14 e8 03 01 01 0a 00 00 00 01 00 00 00
308.0,307.0,111.7034912109375,13.962936401367188,0.21214602887630463,9.068027210884354,0.8038822813172601,41.0,11.0,2.5,1.0,35,14.0,00 01 00 14 e8 03 01 01 0a 00 00 00 01 00 00 00
309.0,308.0,304.156494140625,9.504890441894531,0.18852081894874573,10.891156462585034,0.7143595702216932,37.0,11.0,2.5,1.0,24,9.6,00 01 00 14 e8 03 01 01 0a 00 00 00 01 00 00 00
310.0,309.0,84.7869873046875,10.598373413085938,0.21621045470237732,10.687074829931973,0.8192835590249525,42.0,11.0,2.5,1.0,26,10.4,00 01 00 14 e8 03 01 01 0a 00 00 00 01 00 00 00
311.0,310.0,100.9368896484375,12.617111206054688,0.2047097086906433,15.496598639455783,0.7757039266852225,40.0,15.0,2.5,1.0,32,12.8,00 01 00 14 e8 03 01 01 0a 00 00 00 01 00 00 00
312.0,311.0,150.05950927734375,9.378719329833984,0.23439045250415802,16.70294784580499,0.8881727962388131,45.0,15.0,2.5,1.0,23,9.2,00 01 00 14 e8 03 01 01 0a 00 00 00 01 00 00 00
313.0,312.0,111.7034912109375,13.962936401367188,0.2072506695985794,5.784580498866213,0.785332357923031,40.0,11.0,2.5,1.0,35,14.0,00 01 00 14 e8 03 01 01 0a 00 00 00 01 00 00 00
314.0,313.0,303.48358154296875,9.483861923217773,0.19617703557014465,11.129251700680271,0.7433711756543732,38.0,11.0,2.5,1.0,24,9.6,00 01 00 14 e8 03 01 01 0a 00 00 00 01 00 00 00
315.0,314.0,84.7869873046875,10.598373413085938,0.22235098481178284,12.376417233560092,0.8425517926044008,43.0,12.0,2.5,1.0,26,10.4,00 01 00 14 e8 03 01 01 0a 00 00 00 01 00 00 00
316.0,315.0,152.75115966796875,9.546947479248047,0.17779764533042908,11.600907029478458,0.6737263831810836,35.0,12.0,2.5,1.0,24,9.6,00 01 00 14 e8 03 01 01 0a 00 00 00 01 00 00 00
317.0,316.0,100.9368896484375,12.617111206054688,0.2311321645975113,14.478458049886623,0.8758262068189808,44.0,12.0,2.5,1.0,32,12.8,00 01 00 14 e8 03 01 01 0a 00 00 00 01 00 00 00
318.0,317.0,111.7034912109375,13.962936401367188,0.2039882242679596,9.26530612244898,0.7729700148287812,40.0,10.0,2.5,1.0,35,14.0,00 01 00 14 e8 03 01 01 0a 00 00 00 01 00 00 00
319.0,318.0,100.9368896484375,12.617111206054688,0.1915728747844696,9.17233560090703,0.7259246870467643,38.0,10.0,2.5,1.0,32,12.8,00 01 00 14 e8 03 01 01 0a 00 00 00 01 00 00 00
320.0,319.0,85.45989990234375,10.682487487792969,0.2095949798822403,10.149659863945578,0.7942156234214565,41.0,10.0,2.5,1.0,27,10.8,00 01 00 14 e8 03 01 01 0a 00 00 00 01 00 00 00
321.0,320.0,75.3662109375,9.4207763671875,0.2162717878818512,12.759637188208616,0.819515968071198,42.0,13.0,2.5,1.0,24,9.6,00 01 00 14 e8 03 01 01 0a 00 00 00 01 00 00 00
322.0,321.0,152.0782470703125,9.504890441894531,0.2513705790042877,18.065759637188208,0.9525153762073441,48.0,13.0,2.5,1.0,24,9.6,00 01 00 14 e8 03 01 01 0a 00 00 00 01 00 00 00
323.0,322.0,111.7034912109375,13.962936401367188,0.20492525398731232,4.784580498866213,0.7765206897692702,40.0,13.0,2.5,1.0,35,14.0,00 01 00 14 e8 03 01 01 0a 00 00 00 01 00 00 00
324.0,323.0,303.48358154296875,9.483861923217773,0.19366948306560516,12.541950113378686,0.7338693384597333,38.0,11.0,2.5,1.0,24,9.6,00 01 00 14 e8 03 01 01 0a 00 00 00 01 00 00 00
325.0,324.0,84.7869873046875,10.598373413085938,0.22189323604106903,11.290249433106576,0.8408172509397717,43.0,11.0,2.5,1.0,26,10.4,00 01 00 14 e8 03 01 01 0a 00 00 00 01 00 00 00
326.0,325.0,100.9368896484375,12.617111206054688,0.18404164910316467,9.285714285714286,0.697386708212701,36.0,11.0,2.5,1.0,32,12.8,00 01 00 14 e8 03 01 01 0a 00 00 00 01 00 00 00
327.0,326.0,100.9368896484375,12.617111206054688,0.24110284447669983,23.133786848072564,0.9136079787900206,46.0,10.0,2.5,1.0,32,12.8,00 01 00 14 e8 03 01 01 0a 00 00 00 01 00 00 00
328.0,327.0,111.7034912109375,13.962936401367188,0.20621120929718018,9.063492063492063,0.781393544065173,40.0,10.0,2.5,1.0,35,14.0,00 01 00 14 e8 03 01 01 0a 00 00 00 01 00 00 00
329.0,328.0,100.9368896484375,12.617111206054688,0.19599083065986633,10.45578231292517,0.7426655917277738,38.0,10.0,2.5,1.0,32,12.8,00 01 00 14 e8 03 01 01 0a 00 00 00 01 00 00 00
330.0,329.0,85.45989990234375,10.682487487792969,0.20334291458129883,9.17233560090703,0.7705247509423125,40.0,10.0,2.5,1.0,27,10.8,00 01 00 14 e8 03 01 01 0a 00 00 00 01 00 00 00
331.0,330.0,152.75115966796875,9.546947479248047,0.20892605185508728,17.4421768707483,0.791680862854157,41.0,14.0,2.5,1.0,24,9.6,00 01 00 14 e8 03 01 01 0a 00 00 00 01 00 00 00
332.0,331.0,152.0782470703125,9.504890441894531,0.24316680431365967,13.793650793650794,0.9214289158637469,46.0,14.0,2.5,1.0,24,9.6,00 01 00 14 e8 03 01 01 0a 00 00 00 01 00 00 00
333.0,332.0,111.7034912109375,13.962936401367188,0.1996813863515854,4.174603174603175,0.7566501680335473,39.0,10.0,2.5,1.0,35,14.0,00 01 00 14 e8 03 01 01 0a 00 00 00 01 00 00 00
334.0,333.0,303.48358154296875,9.483861923217773,0.18697959184646606,8.875283446712018,0.708519417730642,37.0,10.0,2.5,1.0,24,9.6,00 01 00 14 e8 03 01 01 0a 00 00 00 01 00 00 00
335.0,334.0,84.7869873046875,10.598373413085938,0.21707803010940552,10.217687074829932,0.8225710516125382,42.0,10.0,2.5,1.0,26,10.4,00 01 00 14 e8 03 01 01 0a 00 00 00 01 00 00 00
336.0,335.0,100.9368896484375,12.617111206054688,0.18781252205371857,7.535147392290249,0.7116756296980816,37.0,10.0,2.5,1.0,32,12.8,00 01 00 14 e8 03 01 01 0a 00 00 00 01 00 00 00
337.0,336.0,114.3951416015625,14.299392700195312,0.23524326086044312,19.029478458049887,0.891404332226586,45.0,10.0,2.5,1.0,36,14.4,00 01 00 14 e8 03 01 01 0a 00 00 00 01 00 00 00
338.0,337.0,111.7034912109375,13.962936401367188,0.20505580306053162,8.124716553287982,0.7770153777318932,40.0,12.0,2.5,1.0,35,14.0,00 01 00 14 e8 03 01 01 0a 00 00 00 01 00 00 00
339.0,338.0,100.9368896484375,12.617111206054688,0.18814615905284882,12.004535147392291,0.7129398761862827,37.0,10.0,2.5,1.0,32,12.8,00 01 00 14 e8 03 01 01 0a 00 00 00 01 00 00 00
340.0,339.0,85.45989990234375,10.682487487792969,0.206882506608963,8.707482993197278,0.7839372825329469,40.0,12.0,2.5,1.0,27,10.8,00 01 00 14 e8 03 01 01 0a 00 00 00 01 00 00 00
341.0,340.0,113.72222900390625,14.215278625488281,0.23501569032669067,19.569160997732425,0.8905420020627715,45.0,10.0,2.5,1.0,36,14.4,00 01 00 14 e8 03 01 01 0a 00 00 00 01 00 00 00
342.0,341.0,152.0782470703125,9.504890441894531,0.17095232009887695,9.401360544217686,0.6477874783019956,34.0,17.0,2.5,1.0,24,9.6,00 01 00 14 e8 03 01 01 0a 00 00 00 01 00 00 00
343.0,342.0,254.3609619140625,7.948780059814453,0.0630081370472908,17.480725623582767,0.23875594193026214,16.0,10.0,2.5,1.0,20,8.0,00 01 00 14 e8 03 01 01 0a 00 00 00 01 00 00 00
344.0,343.0,254.3609619140625,7.948780059814453,0.05053514987230301,7.718820861678005,0.19149220836814856,14.0,17.0,2.5,1.0,20,8.0,00 01 00 14 e8 03 01 01 0a 00 00 00 01 00 00 00
345.0,344.0,100.9368896484375,12.617111206054688,0.05901500582695007,28.20408163265306,0.22362481997615605,15.0,16.0,2.5,1.0,32,12.8,00 01 00 14 e8 03 01 01 0a 00 00 00 01 00 00 00
346.0,345.0,100.9368896484375,12.617111206054688,0.05071376636624336,15.707482993197278,0.1921690376040773,14.0,27.0,2.5,1.0,32,12.8,00 01 00 14 e8 03 01 01 0a 00 00 00 01 00 00 00
347.0,346.0,254.3609619140625,7.948780059814453,0.0614161491394043,26.77551020408163,0.23272344215640361,15.0,27.0,2.5,1.0,20,8.0,00 01 00 14 e8 03 01 01 0a 00 00 00 01 00 00 00
348.0,347.0,254.3609619140625,7.948780059814453,0.059354182332754135,26.51473922902494,0.22491005724738475,15.0,27.0,2.5,1.0,20,8.0,00 01 00 14 e8 03 01 01 0a 00 00 00 01 00 00 00
349.0,348.0,254.3609619140625,7.948780059814453,0.051330119371414185,25.006802721088434,0.19450457630125634,14.0,25.0,2.5,1.0,20,8.0,00 01 00 14 e8 03 01 01 0a 00 00 00 01 00 00 00
350.0,349.0,84.7869873046875,10.598373413085938,0.04041135311126709,12.897959183673468,0.1531302325208465,12.0,13.0,2.5,1.0,26,10.4,00 01 00 14 e8 03 01 01 0a 00 00 00 01 00 00 00
351.0,350.0,76.03912353515625,9.504890441894531,0.04978369176387787,10.696145124716553,0.18864471760098755,13.0,11.0,2.5,1.0,24,9.6,00 01 00 14 e8 03 01 01 0a 00 00 00 01 00 00 00
352.0,351.0,99.591064453125,12.448883056640625,0.18455883860588074,10.34920634920635,0.6993464878961527,36.0,10.0,2.5,1.0,31,12.4,00 01 00 14 e8 03 01 01 0a 00 00 00 01 00 00 00
353.0,352.0,111.7034912109375,13.962936401367188,0.22246520221233368,9.947845804988662,0.842984595165011,43.0,10.0,2.5,1.0,35,14.0,00 01 00 14 e8 03 01 01 0a 00 00 00 01 00 00 00
354.0,353.0,100.26397705078125,12.532997131347656,0.2260836511850357,16.201814058956916,0.8566959383865324,44.0,15.0,2.5,1.0,31,12.4,00 01 00 14 e8 03 01 01 0a 00 00 00 01 00 00 00
355.0,354.0,173.6114501953125,10.850715637207031,0.23106293380260468,15.28344671201814,0.8755638714378203,44.0,16.0,2.5,1.0,27,10.8,00 01 00 14 e8 03 01 01 0a 00 00 00 01 00 00 00
356.0,355.0,228.11737060546875,14.257335662841797,0.230262890458107,17.564625850340136,0.8725322772461493,44.0,18.0,2.5,1.0,36,14.4,00 01 00 14 e8 03 01 01 0a 00 00 00 01 00 00 00
357.0,356.0,100.9368896484375,12.617111206054688,0.2578319013118744,24.24263038548753,0.9769991836321694,49.0,18.0,2.5,1.0,32,12.8,00 01 00 14 e8 03 01 01 0a 00 00 00 01 00 00 00
358.0,357.0,302.8106689453125,9.462833404541016,0.22455042600631714,13.408163265306122,0.8508861074838762,43.0,18.0,2.5,1.0,24,9.6,00 01 00 14 e8 03 01 01 0a 00 00 00 01 00 00 00
359.0,358.0,100.9368896484375,12.617111206054688,0.221823588013649,17.802721088435376,0.8405533345446912,43.0,14.0,2.5,1.0,32,12.8,00 01 00 14 e8 03 01 01 0a 00 00 00 01 00 00 00
360.0,359.0,75.3662109375,9.4207763671875,0.2417190968990326,13.539682539682541,0.9159431363499154,46.0,14.0,2.5,1.0,24,9.6,00 01 00 14 e8 03 01 01 0a 00 00 00 01 00 00 00
361.0,360.0,150.732421875,9.4207763671875,0.2418798953294754,9.514739229024944,0.9165524478217412,46.0,14.0,2.5,1.0,24,9.6,00 01 00 14 e8 03 01 01 0a 00 00 00 01 00 00 00
362.0,361.0,100.9368896484375,12.617111206054688,0.2572321593761444,20.471655328798185,0.9747265890516819,49.0,11.0,2.5,1.0,32,12.8,00 01 00 14 e8 03 01 01 0a 00 00 00 01 00 00 00
363.0,362.0,100.9368896484375,12.617111206054688,0.22439582645893097,11.197278911564625,0.8503002853617196,43.0,14.0,2.5,1.0,32,12.8,00 01 00 14 e8 03 01 01 0a 00 00 00 01 00 00 00
364.0,363.0,512.7593994140625,8.011865615844727,0.2372421771287918,13.607709750566894,0.898978800523135,45.0,11.0,2.5,1.0,20,8.0,00 01 00 14 e8 03 01 01 0a 00 00 00 01 00 00 00
365.0,364.0,173.6114501953125,10.850715637207031,0.23488806188106537,10.979591836734693,0.8900583811975887,45.0,13.0,2.5,1.0,27,10.8,00 01 00 14 e8 03 01 01 0a 00 00 00 01 00 00 00
366.0,365.0,512.7593994140625,8.011865615844727,0.22482630610466003,13.056689342403626,0.8519314964737178,43.0,13.0,2.5,1.0,20,8.0,00 01 00 14 e8 03 01 01 0a 00 00 00 01 00 00 00
367.0,366.0,100.26397705078125,12.532997131347656,0.25542062520980835,25.301587301587304,0.9678621653995781,49.0,13.0,2.5,1.0,31,12.4,00 01 00 14 e8 03 01 01 0a 00 00 00 01 00 00 00
368.0,367.0,302.8106689453125,9.462833404541016,0.2223876565694809,10.936507936507937,0.8426907524350156,43.0,21.0,2.5,1.0,24,9.6,00 01 00 14 e8 03 01 01 0a 00 00 00 01 00 00 00
369.0,368.0,100.9368896484375,12.617111206054688,0.22329598665237427,21.3015873015873,0.846132676203719,43.0,21.0,2.5,1.0,32,12.8,00 01 00 14 e8 03 01 01 0a 00 00 00 01 00 00 00
370.0,369.0,75.3662109375,9.4207763671875,0.25121352076530457,23.467120181405896,0.9519202373960158,48.0,21.0,2.5,1.0,24,9.6,00 01 00 14 e8 03 01 01 0a 00 00 00 01 00 00 00
371.0,370.0,304.156494140625,9.504890441894531,0.23685963451862335,18.26077097505669,0.8975292366175923,45.0,18.0,2.5,1.0,24,9.6,00 01 00 14 e8 03 01 01 0a 00 00 00 01 00 00 00
372.0,371.0,100.9368896484375,12.617111206054688,0.25837329030036926,16.09297052154195,0.9790506621229832,49.0,16.0,2.5,1.0,32,12.8,00 01 00 14 e8 03 01 01 0a 00 00 00 01 00 00 00
373.0,372.0,101.60980224609375,12.701225280761719,0.22398672997951508,11.303854875283447,0.8487501012131232,43.0,16.0,2.5,1.0,32,12.8,00 01 00 14 e8 03 01 01 0a 00 00 00 01 00 00 00
374.0,373.0,100.9368896484375,12.617111206054688,0.23746037483215332,18.94331065759637,0.8998056143385315,45.0,16.0,2.5,1.0,32,12.8,00 01 00 14 e8 03 01 01 0a 00 00 00 01 00 00 00
375.0,374.0,511.41357421875,7.990837097167969,0.239423930644989,16.462585034013603,0.9072460917053573,46.0,19.0,2.5,1.0,20,8.0,00 01 00 14 e8 03 01 01 0a 00 00 00 01 00 00 00
376.0,375.0,228.11737060546875,14.257335662841797,0.21584510803222656,21.274376417233558,0.8178991554788287,42.0,19.0,2.5,1.0,36,14.4,00 01 00 14 e8 03 01 01 0a 00 00 00 01 00 00 00
377.0,376.0,100.26397705078125,12.532997131347656,0.2524123191833496,19.290249433106577,0.9564628291769794,48.0,19.0,2.5,1.0,31,12.4,00 01 00 14 e8 03 01 01 0a 00 00 00 01 00 00 00
378.0,377.0,100.9368896484375,12.617111206054688,0.2232436090707779,10.1859410430839,0.8459342024919716,43.0,19.0,2.5,1.0,32,12.8,00 01 00 14 e8 03 01 01 0a 00 00 00 01 00 00 00
379.0,378.0,100.9368896484375,12.617111206054688,0.23363642394542694,23.83219954648526,0.8853155652966089,45.0,12.0,2.5,1.0,32,12.8,00 01 00 14 e8 03 01 01 0a 00 00 00 01 00 00 00
380.0,379.0,113.72222900390625,14.215278625488281,0.24856294691562653,12.405895691609977,0.9418764512155005,47.0,13.0,2.5,1.0,36,14.4,00 01 00 14 e8 03 01 01 0a 00 00 00 01 00 00 00
381.0,380.0,151.40533447265625,9.462833404541016,0.2399413138628006,13.287981859410431,0.9092066054309861,46.0,13.0,2.5,1.0,24,9.6,00 01 00 14 e8 03 01 01 0a 00 00 00 01 00 00 00
382.0,381.0,100.9368896484375,12.617111206054688,0.24983879923820496,16.192743764172334,0.9467110223886251,48.0,13.0,2.5,1.0,32,12.8,00 01 00 14 e8 03 01 01 0a 00 00 00 01 00 00 00
383.0,382.0,100.9368896484375,12.617111206054688,0.21772736310958862,8.825396825396826,0.8250315609903788,42.0,15.0,2.5,1.0,32,12.8,00 01 00 14 e8 03 01 01 0a 00 00 00 01 00 00 00
384.0,383.0,100.9368896484375,12.617111206054688,0.24979306757450104,15.020408163265305,0.9465377319700325,48.0,13.0,2.5,1.0,32,12.8,00 01 00 14 e8 03 01 01 0a 00 00 00 01 00 00 00
385.0,384.0,173.6114501953125,10.850715637207031,0.23088940978050232,12.63718820861678,0.8749063390414336,44.0,15.0,2.5,1.0,27,10.8,00 01 00 14 e8 03 01 01 0a 00 00 00 01 00 00 00
386.0,385.0,228.11737060546875,14.257335662841797,0.21631287038326263,16.31519274376417,0.8196716414775388,42.0,16.0,2.5,1.0,36,14.4,00 01 00 14 e8 03 01 01 0a 00 00 00 01 00 00 00
387.0,386.0,100.26397705078125,12.532997131347656,0.2567719519138336,21.310657596371883,0.972982730697881,49.0,16.0,2.5,1.0,31,12.4,00 01 00 14 e8 03 01 01 0a 00 00 00 01 00 00 00
388.0,387.0,100.9368896484375,12.617111206054688,0.21668365597724915,9.229024943310657,0.821076654669406,42.0,21.0,2.5,1.0,32,12.8,00 01 00 14 e8 03 01 01 0a 00 00 00 01 00 00 00
389.0,388.0,100.9368896484375,12.617111206054688,0.23815211653709412,24.671201814058957,0.9024268224883871,46.0,19.0,2.5,1.0,32,12.8,00 01 00 14 e8 03 01 01 0a 00 00 00 01 00 00 00
390.0,389.0,113.72222900390625,14.215278625488281,0.26118233799934387,18.741496598639458,0.9896949512691985,50.0,19.0,2.5,1.0,36,14.4,00 01 00 14 e8 03 01 01 0a 00 00 00 01 00 00 00
391.0,390.0,76.7120361328125,9.589004516601562,0.2371356040239334,17.199546485260772,0.8985749643961312,45.0,19.0,2.5,1.0,24,9.6,00 01 00 14 e8 03 01 01 0a 00 00 00 01 00 00 00
392.0,391.0,100.26397705078125,12.532997131347656,0.2622760534286499,21.55328798185941,0.9938393534014441,50.0,17.0,2.5,1.0,31,12.4,00 01 00 14 e8 03 01 01 0a 00 00 00 01 00 00 00
393.0,392.0,302.8106689453125,9.462833404541016,0.23554405570030212,14.038548752834467,0.892544130333367,45.0,22.0,2.5,1.0,24,9.6,00 01 00 14 e8 03 01 01 0a 00 00 00 01 00 00 00
394.0,393.0,512.7593994140625,8.011865615844727,0.26035600900650024,21.648526077097504,0.9865637532005651,49.0,14.0,2.5,1.0,20,8.0,00 01 00 14 e8 03 01 01 0a 00 00 00 01 00 00 00
395.0,394.0,171.59271240234375,10.724544525146484,0.2192537486553192,11.834467120181406,0.8308154745577029,42.0,19.0,2.5,1.0,27,10.8,00 01 00 14 e8 03 01 01 0a 00 00 00 01 00 00 00
396.0,395.0,512.7593994140625,8.011865615844727,0.22350263595581055,18.965986394557824,0.8469157298124003,43.0,19.0,2.5,1.0,20,8.0,00 01 00 14 e8 03 01 01 0a 00 00 00 01 00 00 00
397.0,396.0,100.26397705078125,12.532997131347656,0.24285045266151428,25.412698412698415,0.9202301685236616,46.0,19.0,2.5,1.0,31,12.4,00 01 00 14 e8 03 01 01 0a 00 00 00 01 00 00 00
398.0,397.0,100.9368896484375,12.617111206054688,0.2221580296754837,12.344671201814059,0.8418206301311666,43.0,25.0,2.5,1.0,32,12.8,00 01 00 14 e8 03 01 01 0a 00 00 00 01 00 00 00
399.0,398.0,100.9368896484375,12.617111206054688,0.23415161669254303,25.42403628117914,0.8872677786991575,45.0,12.0,2.5,1.0,32,12.8,00 01 00 14 e8 03 01 01 0a 00 00 00 01 00 00 00
400.0,399.0,255.03387451171875,7.969808578491211,0.21515017747879028,6.807256235827665,0.8152658638654413,42.0,16.0,2.5,1.0,20,8.0,00 01 00 14 e8 03 01 01 0a 00 00 00 01 00 00 00
401.0,400.0,151.40533447265625,9.462833404541016,0.2103797048330307,16.058956916099774,0.797189171816349,41.0,10.0,2.5,1.0,24,9.6,00 01 00 14 e8 03 01 01 0a 00 00 00 01 00 00 00
402.0,401.0,100.26397705078125,12.532997131347656,0.24175593256950378,10.004535147392291,0.9160827172931415,46.0,10.0,2.5,1.0,31,12.4,00 01 00 14 e8 03 01 01 0a 00 00 00 01 00 00 00
403.0,402.0,100.9368896484375,12.617111206054688,0.23270303010940552,6.55328798185941,0.8817786677631375,45.0,10.0,2.5,1.0,32,12.8,00 01 00 14 e8 03 01 01 0a 00 00 00 01 00 00 00
404.0,403.0,101.60980224609375,12.701225280761719,0.24678349494934082,25.814058956916096,0.935133596240891,47.0,10.0,2.5,1.0,32,12.8,00 01 00 14 e8 03 01 01 0a 00 00 00 01 00 00 00
405.0,404.0,84.11407470703125,10.514259338378906,0.21472111344337463,8.526077097505668,0.8136400169078146,42.0,15.0,2.5,1.0,26,10.4,00 01 00 14 e8 03 01 01 0a 00 00 00 01 00 00 00
406.0,405.0,152.75115966796875,9.546947479248047,0.20939841866493225,14.689342403628117,0.7934707964707703,41.0,15.0,2.5,1.0,24,9.6,00 01 00 14 e8 03 01 01 0a 00 00 00 01 00 00 00
407.0,406.0,100.26397705078125,12.532997131347656,0.24376018345355988,18.31746031746032,0.9236773999819539,47.0,15.0,2.5,1.0,31,12.4,00 01 00 14 e8 03 01 01 0a 00 00 00 01 00 00 00
408.0,407.0,100.9368896484375,12.617111206054688,0.20854245126247406,8.507936507936508,0.7902272899490315,41.0,18.0,2.5,1.0,32,12.8,00 01 00 14 e8 03 01 01 0a 00 00 00 01 00 00 00
409.0,408.0,100.9368896484375,12.617111206054688,0.22967088222503662,22.115646258503403,0.8702889878879653,44.0,10.0,2.5,1.0,32,12.8,00 01 00 14 e8 03 01 01 0a 00 00 00 01 00 00 00
410.0,409.0,255.03387451171875,7.969808578491211,0.2176845222711563,7.569160997732426,0.8248692247396606,42.0,18.0,2.5,1.0,20,8.0,00 01 00 14 e8 03 01 01 0a 00 00 00 01 00 00 00
411.0,410.0,114.3951416015625,14.299392700195312,0.22239600121974945,17.83219954648526,0.8427223727134163,43.0,18.0,2.5,1.0,36,14.4,00 01 00 14 e8 03 01 01 0a 00 00 00 01 00 00 00
412.0,411.0,100.26397705078125,12.532997131347656,0.26390185952186584,18.823129251700678,1.0,50.0,19.0,2.5,1.0,31,12.4,00 01 00 14 e8 03 01 01 0a 00 00 00 01 00 00 00
413.0,412.0,100.26397705078125,12.532997131347656,0.22229687869548798,20.643990929705218,0.8423467689778418,43.0,21.0,2.5,1.0,31,12.4,00 01 00 14 e8 03 01 01 0a 00 00 00 01 00 00 00
414.0,413.0,101.60980224609375,12.701225280761719,0.24543732404708862,21.158730158730158,0.9300325677574571,47.0,21.0,2.5,1.0,32,12.8,00 01 00 14 e8 03 01 01 0a 00 00 00 01 00 00 00
415.0,414.0,84.11407470703125,10.514259338378906,0.2072395533323288,5.859410430839002,0.7852902351950186,40.0,16.0,2.5,1.0,26,10.4,00 01 00 14 e8 03 01 01 0a 00 00 00 01 00 00 00
416.0,415.0,152.75115966796875,9.546947479248047,0.20610669255256653,16.217687074829932,0.7809975000782037,40.0,10.0,2.5,1.0,24,9.6,00 01 00 14 e8 03 01 01 0a 00 00 00 01 00 00 00
417.0,416.0,100.26397705078125,12.532997131347656,0.23672716319561005,6.317460317460317,0.8970272646979806,45.0,16.0,2.5,1.0,31,12.4,00 01 00 14 e8 03 01 01 0a 00 00 00 01 00 00 00
418.0,417.0,100.9368896484375,12.617111206054688,0.19840656220912933,16.6984126984127,0.7518194929304398,39.0,17.0,2.5,1.0,32,12.8,00 01 00 14 e8 03 01 01 0a 00 00 00 01 00 00 00
419.0,418.0,100.9368896484375,12.617111206054688,0.2162238210439682,21.471655328798185,0.8193342079351766,42.0,17.0,2.5,1.0,32,12.8,00 01 00 14 e8 03 01 01 0a 00 00 00 01 00 00 00
420.0,419.0,255.03387451171875,7.969808578491211,0.19591839611530304,5.913832199546485,0.7423911164182988,38.0,15.0,2.5,1.0,20,8.0,00 01 00 14 e8 03 01 01 0a 00 00 00 01 00 00 00
421.0,420.0,101.60980224609375,12.701225280761719,0.19420556724071503,14.609977324263038,0.7359007154878495,38.0,10.0,2.5,1.0,32,12.8,00 01 00 14 e8 03 01 01 0a 00 00 00 01 00 00 00
422.0,421.0,100.9368896484375,12.617111206054688,0.22854752838611603,6.6643990929705215,0.8660322773026141,44.0,14.0,2.5,1.0,32,12.8,00 01 00 14 e8 03 01 01 0a 00 00 00 01 00 00 00
423.0,422.0,606.9671630859375,9.483861923217773,0.2004360556602478,14.344671201814057,0.7595098269614143,39.0,14.0,2.5,1.0,24,9.6,00 01 00 14 e8 03 01 01 0a 00 00 00 01 00 00 00
424.0,423.0,152.0782470703125,9.504890441894531,0.21266834437847137,20.662131519274375,0.8058614848860151,41.0,14.0,2.5,1.0,24,9.6,00 01 00 14 e8 03 01 01 0a 00 00 00 01 00 00 00
425.0,424.0,339.82086181640625,10.619401931762695,0.18450003862380981,7.4603174603174605,0.6991236778629931,36.0,13.0,2.5,1.0,27,10.8,00 01 00 14 e8 03 01 01 0a 00 00 00 01 00 00 00
426.0,425.0,152.75115966796875,9.546947479248047,0.17401565611362457,13.124716553287982,0.6593953389676905,35.0,10.0,2.5,1.0,24,9.6,00 01 00 14 e8 03 01 01 0a 00 00 00 01 00 00 00
427.0,426.0,100.26397705078125,12.532997131347656,0.20163597166538239,10.213151927437641,0.7640566536010923,39.0,13.0,2.5,1.0,31,12.4,00 01 00 14 e8 03 01 01 0a 00 00 00 01 00 00 00
428.0,427.0,607.6400756835938,9.494376182556152,0.16926614940166473,12.897959183673468,0.6413980928680801,34.0,13.0,2.5,1.0,24,9.6,00 01 00 14 e8 03 01 01 0a 00 00 00 01 00 00 00
429.0,428.0,152.0782470703125,9.504890441894531,0.16644757986068726,16.666666666666664,0.6307177227256183,33.0,13.0,2.5,1.0,24,9.6,00 01 00 14 e8 03 01 01 0a 00 00 00 01 00 00 00
430.0,429.0,255.03387451171875,7.969808578491211,0.16591079533100128,7.857142857142857,0.6286836918527078,33.0,16.0,2.5,1.0,20,8.0,00 01 00 14 e8 03 01 01 0a 00 00 00 01 00 00 00
431.0,430.0,101.60980224609375,12.701225280761719,0.14822827279567719,16.244897959183675,0.5616795314145772,30.0,10.0,2.5,1.0,32,12.8,00 01 00 14 e8 03 01 01 0a 00 00 00 01 00 00 00
432.0,431.0,100.26397705078125,12.532997131347656,0.17188052833080292,9.208616780045352,0.6513047260910323,34.0,12.0,2.5,1.0,31,12.4,00 01 00 14 e8 03 01 01 0a 00 00 00 01 00 00 00
433.0,432.0,810.186767578125,12.659168243408203,0.143055260181427,12.08390022675737,0.5420774997213463,29.0,12.0,2.5,1.0,32,12.8,00 01 00 14 e8 03 01 01 0a 00 00 00 01 00 00 00
434.0,433.0,101.60980224609375,12.701225280761719,0.13730357587337494,14.034013605442178,0.5202827146505897,28.0,12.0,2.5,1.0,32,12.8,00 01 00 14 e8 03 01 01 0a 00 00 00 01 00 00 00
435.0,434.0,255.03387451171875,7.969808578491211,0.12005111575126648,3.648526077097506,0.4549081843105373,25.0,12.0,2.5,1.0,20,8.0,00 01 00 14 e8 03 01 01 0a 00 00 00 01 00 00 00
436.0,435.0,101.60980224609375,12.701225280761719,0.10918604582548141,12.024943310657596,0.413737311375158,24.0,10.0,2.5,1.0,32,12.8,00 01 00 14 e8 03 01 01 0a 00 00 00 01 00 00 00
437.0,436.0,100.26397705078125,12.532997131347656,0.11307375878095627,5.6439909297052155,0.42846897322293187,24.0,10.0,2.5,1.0,31,12.4,00 01 00 14 e8 03 01 01 0a 00 00 00 01 00 00 00
438.0,437.0,606.9671630859375,9.483861923217773,0.10333457589149475,9.081632653061225,0.3915644098859897,23.0,10.0,2.5,1.0,24,9.6,00 01 00 14 e8 03 01 01 0a 00 00 00 01 00 00 00
439.0,438.0,100.9368896484375,12.617111206054688,0.09149682521820068,14.791383219954648,0.34670777001713254,21.0,10.0,2.5,1.0,32,12.8,00 01 00 14 e8 03 01 01 0a 00 00 00 01 00 00 00
440.0,439.0,255.03387451171875,7.969808578491211,0.09198558330535889,8.560090702947845,0.34855981489489024,21.0,15.0,2.5,1.0,20,8.0,00 01 00 14 e8 03 01 01 0a 00 00 00 01 00 00 00
441.0,440.0,101.60980224609375,12.701225280761719,0.07658331841230392,28.573696145124718,0.2901962060860679,18.0,10.0,2.5,1.0,32,12.8,00 01 00 14 e8 03 01 01 0a 00 00 00 01 00 00 00
442.0,441.0,607.6400756835938,9.494376182556152,0.08120416104793549,7.671201814058957,0.3077059070180869,19.0,29.0,2.5,1.0,24,9.6,00 01 00 14 e8 03 01 01 0a 00 00 00 01 00 00 00
443.0,442.0,606.9671630859375,9.483861923217773,0.08392447233200073,29.244897959183675,0.31801394838237995,19.0,23.0,2.5,1.0,24,9.6,00 01 00 14 e8 03 01 01 0a 00 00 00 01 00 00 00
444.0,443.0,1022.8271484375,7.990837097167969,0.06028319150209427,22.718820861678005,0.22843034001850013,15.0,23.0,2.5,1.0,20,8.0,00 01 00 14 e8 03 01 01 0a 00 00 00 01 00 00 00
445.0,444.0,255.03387451171875,7.969808578491211,0.06632068008184433,18.775510204081634,0.2513081196244821,16.0,19.0,2.5,1.0,20,8.0,00 01 00 14 e8 03 01 01 0a 00 00 00 01 00 00 00
446.0,445.0,76.03912353515625,9.504890441894531,0.05060553923249245,13.00907029478458,0.19175893388617626,14.0,19.0,2.5,1.0,24,9.6,00 01 00 14 e8 03 01 01 0a 00 00 00 01 00 00 00
447.0,446.0,606.9671630859375,9.483861923217773,0.053099531680345535,19.138321995464853,0.2012093881284149,14.0,19.0,2.5,1.0,24,9.6,00 01 00 14 e8 03 01 01 0a 00 00 00 01 00 00 00
448.0,447.0,606.9671630859375,9.483861923217773,0.06866750866174698,26.0,0.26020092767121056,17.0,26.0,2.5,1.0,24,9.6,00 01 00 14 e8 03 01 01 0a 00 00 00 01 00 00 00
449.0,448.0,1022.8271484375,7.990837097167969,0.042155928909778595,31.473922902494333,0.15974093167117576,12.0,26.0,2.5,1.0,20,8.0,00 01 00 14 e8 03 01 01 0a 00 00 00 01 00 00 00
450.0,449.0,255.03387451171875,7.969808578491211,0.05587015673518181,25.517006802721088,0.21170808283202958,15.0,26.0,2.5,1.0,20,8.0,00 01 00 14 e8 03 01 01 0a 00 00 00 01 00 00 00
451.0,450.0,76.03912353515625,9.504890441894531,0.03797578439116478,14.494331065759635,0.1439011625760002,11.0,20.0,2.5,1.0,24,9.6,00 01 00 14 e8 03 01 01 0a 00 00 00 01 00 00 00
452.0,451.0,606.9671630859375,9.483861923217773,0.04099242389202118,19.764172335600907,0.1553320767284124,12.0,20.0,2.5,1.0,24,9.6,00 01 00 14 e8 03 01 01 0a 00 00 00 01 00 00 00
453.0,452.0,606.9671630859375,9.483861923217773,0.0511569119989872,25.360544217687075,0.19384824378150523,14.0,25.0,2.5,1.0,24,9.6,00 01 00 14 e8 03 01 01 0a 00 00 00 01 00 00 00
454.0,453.0,1022.8271484375,7.990837097167969,0.030376527458429337,34.28344671201814,0.11510539377579664,10.0,33.0,2.5,1.0,20,8.0,00 01 00 14 e8 03 01 01 0a 00 00 00 01 00 00 00
455.0,454.0,339.82086181640625,10.619401931762695,0.04118023440241814,33.147392290249435,0.1560437447353648,12.0,33.0,2.5,1.0,27,10.8,00 01 00 14 e8 03 01 01 0a 00 00 00 01 00 00 00
456.0,455.0,76.03912353515625,9.504890441894531,0.021685803309082985,9.369614512471655,0.08217374196746115,9.0,22.0,2.5,1.0,24,9.6,00 01 00 14 e8 03 01 01 0a 00 00 00 01 00 00 00
457.0,456.0,606.9671630859375,9.483861923217773,0.02064751647412777,22.06122448979592,0.07823937471125322,9.0,20.0,2.5,1.0,24,9.6,00 01 00 14 e8 03 01 01 0a 00 00 00 01 00 00 00
458.0,457.0,606.9671630859375,9.483861923217773,0.022187864407896996,20.113378684807255,0.08407619578011574,9.0,22.0,2.5,1.0,24,9.6,00 01 00 14 e8 03 01 01 0a 00 00 00 01 00 00 00
459.0,458.0,1022.8271484375,7.990837097167969,0.009919798001646996,28.480725623582764,0.0375889659118718,7.0,20.0,2.5,1.0,20,8.0,00 01 00 14 e8 03 01 01 0a 00 00 00 01 00 00 00
460.0,459.0,316.94183349609375,9.90443229675293,0.028093241155147552,19.310657596371883,0.10645336567937241,10.0,23.0,2.5,1.0,25,10.0,00 01 00 14 e8 03 01 01 0a 00 00 00 01 00 00 00
461.0,460.0,317.61474609375,9.925460815429688,0.06647121906280518,23.121559291772055,0.25187855509330975,16.0,21.0,2.5,1.0,25,10.0,00 01 00 14 e8 03 01 01 0a 00 00 00 01 00 00 00
